filename,公司全称,公司简称,公司代码,公告名称,落款日期,目录,ESG议题,ESG奖项荣誉,编制指引/编制依据,语言,篇幅页码,字数
145754939_2025-08-18_2024年度环境、社会和公司治理(ESG)报告.pdf,泰凌微电子(上海)股份有限公司,泰凌微,688591,2024环境、社会和公司治理(ESG)报告,未找到,关于本报告;管理层致辞;关于泰凌微;2024ESG亮点绩效;可持续发展管理;筑牢治理根基;规范公司治理;深化风险管理;恪守商业道德;维护信息安全;推动绿色发展;应对气候变化;践行绿色运营;生物多样性保护;开发绿色产品;厚植创新沃土;研发创新战略;激发创新活力;知识产权保护;研发创新成果;赋能社会进步;创享多维价值;强化质量管理;优化客户服务;共筑幸福职场;保障员工权益;注重员工发展;守护员工安全;关爱员工生活;联动价值共享;可持续供应链;助力行业发展；供应商ESG管理;保障供应链稳定可控;助力行业发展;泰凌微参加Embedded World 2024，展示技术实力与市场潜力;泰凌微亮相Japan IT Week展会，以技术创新拓展日本市场;普惠万物互联，泰凌微携新一代低功耗无线创新方案亮相IOTE2024;关键绩效表;指标索引;意见反馈,1应对气候变化;3废弃物处理;4生态系统和生物多样性保护;11创新驱动;15产品和服务安全与质量;17员工;19利益相关方沟通;20反商业贿赂及反贪污;21反不正当竞争;6能源利用;7水资源利用;8循环经济;13供应链安全;18尽职调查,国家级专精特新“小巨人”企业;2024上海专精特新“小巨人”企业品牌价值榜“百佳企业”;2024世界电子成就奖;2024年度第九届IoT创新奖IoT技术创新奖;创新技术产品奖“通信技术创新奖”;2024国际AIoT生态发展大会年度AIoT创新企业奖;小米Vela生态合作伙伴奖;中国物联网企业100强；IOTE金奖,《可持续发展报告指南》(GRI Standards)、《上海证券交易所上市公司自律监管指引第14号——可持续发展报告(试行)》、《中国企业可持续发展报告指南(CASS-ESG6.0)之一般框架》以及联合国可持续发展目标(SDGs)；《上海证券交易所上市公司自律监管指引第14号——可持续发展报告（试行）》;《可持续发展报告指南》（GRI Standards）,中文,62,33939
145757980_2025-08-19_中粮资本：中粮资本控股股份有限公司2024年度环境、社会与公司治理（ESG）报告.pdf,中粮资本控股股份有限公司,中粮资本,002423.SZ,2024年度环境、社会与公司治理（ESG）报告,2024-12-31,关于本报告;董事长致辞;ESG亮点绩效;走进中粮资本;ESG管理;ESG战略锚定 恪守初心，链动产业革新;坚定可持续发展;产业赋能;技术革新;ESG长效实践 行稳致远，共创共享价值;乡村振兴;社会公益;应对气候变化;ESG势能辐射 同心共擎，激活价值共同体;上下游绿色管理;客户优质服务;员工关怀;ESG敏捷实践 精治强核，稳驭新程;坚持党建引领;公司治理;全面的风险管理与合规守纪;数据安全与隐私；ESG规划; 绿色运营; 上下游绿色管理; 产业赋能; 数据安全与隐私; 员工关怀; 反洗钱; 廉洁文化、反腐败、举报途径; 公司治理; 开展绿色金融实践; 明确绿色金融战略; 党建引领,1应对气候变化;9乡村振兴;10社会贡献;17员工;18尽职调查;19利益相关方沟通;20反商业贿赂及反贪污;21反不正当竞争;3废弃物处理;5环境合规管理;6能源利用;7水资源利用;13供应链安全;15产品和服务安全与质量;16数据安全与客户隐私保护,2024年上市公司董事会最佳实践奖;ESG金牛奖乡村振兴二十强;2024中国人力资源Venus大奖-校园招聘卓越实践奖;保险业投资金牛奖;2024金牌保险投资团队方舟奖;年度值得托付保险公司奖;年度金融消费者权益保护优秀案例;年度长期寿险领航产品;年度保险中介影响力品牌;年度金牌寿险公司;优秀信托文化建设公司;卓越综合竞争力信托公司;卓越家族办公室;金融品牌年度新媒体;一年期混合类产品金牛奖;三年期固定收益类产品金牛奖;优秀ABS发行机构;2024年度家族信托管理创新优秀案例;忠良百战奖;2024中国领军期货公司君鼎奖;中国优秀期货风险管理子公司君鼎奖;优秀会员奖;产业服务优秀会员;2024年度卓越品牌力企业百强榜;中国最佳期货公司;中国期货公司金牌管理团队;中国期货公司年度最佳掌舵人;最佳商品期货产业服务奖;首都文明单位荣誉称号;期货经营机构服务实体经济优秀案例,全球报告倡议组织（GRI）《可持续发展报告标准》;联合国可持续发展目标（SDGs）;《央企控股上市公司ESG专项报告参考指标体系》;《深圳证券交易所上市公司自律监管指引第17号——可持续发展报告（试行）》;《中国企业可持续发展报告体系（CASS-ESG 6.0）》；GRI可持续发展报告标准（GRI Standards）,中文,58,38558
145763337_2025-08-21_华翔股份2024年度可持续发展报告.pdf,山西华翔集团股份有限公司,华翔股份,603112,2024年度可持续发展报告,未找到,关于本报告;董事长致辞;走进华翔;专题;共筑管理之基 可持续发展管理;共建治理格局 公司治理;共护绿水青山 应对气候变化;共铸卓越品质 铸造华翔品质;共构人文关怀 构建华翔人文;共守安全屏障 守护安全防线;共担责任使命 贡献华翔力量,1应对气候变化;2污染物排放;3废弃物处理;4生态系统和生物多样性保护;5环境合规管理;6能源利用;7水资源利用;8循环经济;11创新驱动;15产品和服务安全与质量;16数据安全与客户隐私保护;17员工;19利益相关方沟通;20反商业贿赂及反贪污;21反不正当竞争,2024年1月获得沈阳中航机电三洋制冷设备有限公司颁发的2023年度供应商质量优秀奖；2024年1月获得美的集团颁发的工业技术事业群战略供应商；2024年1月获得广州万宝集团压缩机有限公司颁发的2023年度研发创新奖；2024年3月获得昆山丰田汽车研发的品质改善推进奖；2024年3月获得上海大陆汽车制动系统销售有限公司颁发的2023年度优秀供应商；2024年3月获得国投（重庆）制动系统有限公司颁发的2024年度协同奖；2024年6月获得Ecovadis企业社会责任铜牌；2024年7月获得尼得科压缩机（北京）有限公司颁发的过程控制数字化先锋奖；2024年9月获得Secop（思科普）公司颁发的持续发展杰出供应商；2024年11月华翔荣获山河智能装备股份有限公司2024年度金牌供应商奖项；欧洲丰田成本节俭优秀奖,《上海证券交易所上市公司自律监管指南第4号——可持续发展报告编制》；《上海证券交易所上市公司自律监管指引第14号——可持续发展报告（试行）》；联合国17项可持续发展目标（SDGs）；《可持续发展报告标准（GRI Standards）》；联合国全球契约十项原则；气候相关财务信息披露工作组（TCFD）《气候相关财务信息披露工作组建议报告》,中文,39,39504
145765050_2025-08-21_熊猫乳品：2024年度可持续发展报告.PDF,熊猫乳品集团股份有限公司,熊猫乳品,300898.SZ,2024可持续发展报告,未找到,报告前言;报告规范;董事长致辞;公司简介;企业荣誉;可持续发展管理;规范治理;公司治理;合规与风险管理;党政建设;环保低碳运营;应对气候变化;环境合规管理;污染物排放管理;废弃物处理;生态系统和生物多样性保护;能源利用;水资源利用;绿色包装与循环经济;社会责任;创新驱动;供应链安全;产品和服务安全与质量;数据安全与客户隐私保护;员工;乡村振兴与社会贡献;关键绩效表;指标索引;意见反馈,1应对气候变化;5环境合规管理;2污染物排放;3废弃物处理;4生态系统和生物多样性保护;6能源利用;7水资源利用;8循环经济;11创新驱动;13供应链安全;15产品和服务安全与质量;16数据安全与客户隐私保护;17员工;9乡村振兴;10社会贡献,2024年度上市公司卓越投关建设奖;卓越董秘奖;最受欢迎董秘TOP300;《浙江区域特色营养炼乳制品关键技术及产业化》荣获中国食品工业协会科学技术三等奖;《基于高效脂肪破碎关键技术研发及产业化》荣获中国乳制品工业协会技术进步二等奖,《深圳证券交易所上市公司自律监管指引第17号——可持续发展报告（试行）》《深圳证券交易所上市公司自律监管指南第3号——可持续发展报告编制》要求，参考了中国社会科学院《中国企业可持续发展报告指南（CASS—ESG6.0）》、联合国可持续发展目标（SDGS）等文件,中文,37,30829
145767107_2025-08-21_锐明技术：环境、社会与公司治理责任政策（草案）（H股发行上市后适用）.PDF,深圳市锐明技术股份有限公司,深圳市锐明技术,未找到,环境、社会与公司治理责任政策（草案）（H股发行上市后适用）,未找到,第一章 总则；第二章 ESG工作小组的组成及职责；第三章 工作程序；第四章 附则,未找到,未找到,未找到,中文,3,2068
145771093_2025-08-22_宁波韵升2024年度环境、社会及治理（ESG）报告.pdf,宁波韵升股份有限公司,宁波韵升,600366,2024年度环境、社会及治理（ESG）报告,2024-12-31,关于本报告;董事长致辞;走进宁波韵升;公司治理篇;筑牢治理根基，引领责任未来;ESG治理;党建引领;三会协同;风险防范;股东权益;商业道德;环境保护篇;绿色转型加速度，生态共赢新图景;应对气候变化;环境合规管理;资源利用;物料利用;产业价值篇;创新驱动价值链，赋能产业新生态;创新驱动;供应链管理;产品安全与质量;客户服务;数据安全与客户隐私保护;员工人权篇;以人为本，共筑尊严职场;合规雇佣;员工职业发展与培训;职业健康与安全;美好生活篇;共创美好生活，共享幸福未来;公益慈善;乡村振兴;附录;数据表及附注;指标索引;意见反馈表；关于本报告;董事长致辞;走进宁波韵升;公司治理篇——筑牢治理根基，引领责任未来;环境保护篇——绿色转型加速度，生态共赢新图景;产业价值篇——创新驱动价值链，赋能产业新生态;员工人权篇——以人为本，共筑尊严职场;美好生活篇——共创美好生活，共享幸福未来;附录,1应对气候变化;5环境合规管理;6能源利用;8循环经济;11创新驱动;16数据安全与客户隐私保护;17员工;19利益相关方沟通;20反商业贿赂及反贪污;21反不正当竞争;9乡村振兴;10社会贡献,稀土新材料领域“全国领军企业”;材料电材材生产应用示范平台（建设单位）;2023年浙江省企业社会责任100家领先企业;2021年度新质生产力引领企业;2024年宁波竞争力企业百强;2024年度宁波市制造业企业百强;2023年度综合贡献标杆企业;2023年度大力鹰;六届理事会优秀会员;“韵升（YUNSHENG）”2024-2026年度出口名牌;宁波出口名牌（2024-2026年度）;宁波电子行业协会第五届行业发展杰出贡献奖;2023年度阿尔卑斯株式会社卓越技术贡献感谢奖;哈曼最佳质量奖（2023）,上海证券交易所《上海证券交易所上市公司自律监管指引第14号——可持续发展报告（试行）》;联合国2030年可持续发展目标（SDGs）;全球可持续发展标准委员会GRI《可持续发展报告标准》（GRI Standards）;可持续发展会计准则委员会准则（SASB Standards）;中国国家标准《社会责任报告编制指南》（GB/T 36001-2015）;中国企业改革与发展研究会《中国企业社会责任报告编写指南》（CASS-ESG6.0）；《全球可持续发展报告标准》（GRI Standards）、《中国企业社会责任报告编写指南》（CASS-ESG 6.0）,中文,62,46889
145774932_2025-08-24_泰禾股份：2024年可持续发展报告.PDF,南通泰禾化工股份有限公司,泰禾股份,301665,2024年可持续发展报告,2024-12-31,关于本报告;董事长致辞;2024年可持续发展亮点;走进泰禾;治理责任;社会责任;环境责任;附录；指标索引;GRI指标索引;SGS索引;深交所《指引》索引;鉴证声明;意见反馈,2污染物排放;5环境合规管理;6能源利用;8循环经济;11创新驱动;15产品和服务安全与质量;17员工;19利益相关方沟通;20反商业贿赂及反贪污;21反不正当竞争;1应对气候变化;3废弃物处理;4生态系统和生物多样性保护;7水资源利用;9乡村振兴;10社会贡献;13供应链安全;18尽职调查,高新技术企业;江苏省绿色工厂;2023年度培训诚信经营守信践诺标杆企业倡议单位;如东县'无诈企业';江苏省高效低毒杀虫剂工程研究中心;国家知识产权优势企业;中国石油和化学工业专利奖金奖;江苏省智能制造示范工厂;2024年江苏省科技创新协会科技创新奖;江苏精品认证证书;两化融合管理体系评定证书;全县工业企业十大科技创新成果;无废企业;健康企业;江西名牌产品证书;江西省专精特新中小企业;2024年新沂市职工'五小'活动优秀组织单位;徐州市绿色工厂,全球可持续发展标准委员会（GSSB）《可持续发展报告标准》（GRI Standards 2021）;联合国可持续发展目标（UN SDGs）;《深圳证券交易所上市公司自律监管指引第17号——可持续发展报告（试行）》（以下简称“《指引》”）;《深圳证券交易所创业板上市公司自律监管指南第3号——可持续发展报告编制》；GRI可持续发展报告标准（GRI Standards 2021）,中文,55,49095
145775308_2025-08-24_招商南油2024年度ESG报告.pdf,招商局南京油运股份有限公司,招商南油,601975.SH,2024环境、社会及管治（ESG）报告,2024-12-31,报告说明;董事长致辞;关于招商南油;我们的2024;荣誉与认可;公司概况;组织架构;业务布局;企业文化;可持续发展管理;可持续发展治理;利益相关方沟通;重要性议题评估;引领责任担当;规范公司治理;全面风险管理;恪守商业道德;践行绿色发展;完善环境管理;应对气候变化;提高资源利用;废弃物与排放管理;践行生态保护;共创一流航运;保障能源供应;数智航运转型;优质客户服务;可持续供应链;推动行业发展;坚守安全航运;构建美好生活;职业健康与安全;保障员工权益;支持人才发展;关爱员工生活;助力乡村振兴;参与社区公益;报告附录;ESG绩效;内容索引;专有名词;意见反馈表,1应对气候变化;5环境合规管理;6能源利用;7水资源利用;8循环经济;9乡村振兴;10社会贡献;17员工;18尽职调查;19利益相关方沟通;20反商业贿赂及反贪污;21反不正当竞争;3废弃物处理;4生态系统和生物多样性保护,2024中国企业ESG“金责奖·最佳责任进取奖”（颁发机构：新浪财经）;金蜜蜂2024长三角优秀上市公司可持续发展报告（颁发机构：金蜜蜂智库）,上海证券交易所《上市公司自律监管指引第14号——可持续发展报告（试行）》;上海证券交易所《上市公司自律监管指南第4号——可持续发展报告编制》;全球可持续发展标准委员会（GSSB）发布的《GRI可持续发展报告标准》（GRI Standards）;可持续发展会计准则委员会SASB发布的《海洋运输可持续发展会计准则》（Marine Transportation Sustainability Accounting Standard）;气候相关财务信息披露工作组（Task Force on Climate-Related Financial Disclosure，TCFD）披露框架;联合国可持续发展目标（UN SDGs）;国内外评级机构ESG评级标准；GRI可持续发展报告标准（GRI Standards）,中文,53,71748
145777676_2025-08-25_亨通光电2024年环境、社会及治理报告.pdf,江苏亨通光电股份有限公司,亨通光电,未找到,2024环境、社会及治理报告,2025-08-22,关于本报告;董事长致辞;走进亨通光电;合规经营 稳健发展根基;公司治理;ESG治理;利益相关方沟通;风险管理;商业道德;引领创新 打造领先品质;创新驱动;供应链管理;质量把控;客户服务与信息保护;低碳发展 照亮绿色未来;环境保护与管理;气候变化与双碳;能源提效与转型;节水改造与优化;排放管理与循环;关爱员工 促进共融发展;人才吸引与保留;助力成长与发展;促进沟通与关怀;职业健康与安全;全球共创 彰显亨通担当;社会贡献与乡村振兴;推动行业可持续发展;附录;附录一：GRI标准索引;附录二：上海证券交易所指引索引,1应对气候变化;2污染物排放;3废弃物处理;5环境合规管理;6能源利用;8循环经济;11创新驱动;15产品和服务安全与质量;16数据安全与客户隐私保护;17员工;18尽职调查;19利益相关方沟通;20反商业贿赂及反贪污;21反不正当竞争;4生态系统和生物多样性保护;7水资源利用;9乡村振兴;10社会贡献;12科技伦理;13供应链安全;14平等对待中小企业,2024年新财富杂志“最佳上市公司”奖；“ESG最佳实践”奖；界面新闻“2024 ESG先锋60”“年度公司治理优秀奖”；“邓白氏&SMM”新能源领域“ESG卓越企业”奖；2024年9月，推动“苏州市企业可持续发展联合会”成立，亨通担任常务副会长单位；江苏亨通高压电缆有限公司获评“苏州市（近）零碳工厂”；中国移动合作伙伴乡村振兴贡献金奖,全球报告倡议组织（GRI）标准、上海证券交易所《上海证券交易所上市公司自律监管指引第14号——可持续发展报告（试行）》，同时参考与回应了摩根士丹利资本国际公司ESG评级（MSCI ESG评级）、标普全球企业可持续发展评估（S&P Global Corporate Sustainability Assessment）；GRI标准,中文,61,70843
145782368_2025-08-25_节能国祯：节能国祯2024年度环境、社会及治理（ESG）报告.PDF,中节能国祯环保科技股份有限公司,中节能国祯,300388,2024环境、社会和治理（ESG）报告,2024-12-31,报告编制说明;致利益相关方的一封信;关于中节能国祯;可持续发展治理;专题;附录,1应对气候变化;2污染物排放;4生态系统和生物多样性保护;5环境合规管理;6能源利用;7水资源利用;8循环经济;9乡村振兴;10社会贡献;11创新驱动;15产品和服务安全与质量;16数据安全与客户隐私保护;17员工;19利益相关方沟通;20反商业贿赂及反贪污;21反不正当竞争,中节能国祯获“中国水业十大影响力企业”（E2O环境平台）;中节能国祯入选“中国环境企业营收前50强”（全联环境服务业商会）;中节能国祯获安徽省AAA级“守合同重信用”企业（安徽省市场监督管理局）;中节能国祯获2024年度安徽省优秀市政施工企业（安徽省市政工程协会）;中节能国祯获2024年度合肥市市政工程行业优秀企业（合肥市市政工程协会）;合肥市胡大郢净水厂获2024年度生态化标杆污水处理厂（E2O环境平台）;合肥市清溪净水厂获2024年精细化标杆污水处理厂（E2O环境平台）;合肥市小仓房污水处理厂获2024年低碳化标杆污水处理厂（E2O环境平台）;中节能国祯钟油坊污水处理厂工程获2024年度合肥市市政工程“庐州杯”奖（合肥市城乡建设局、合肥市市政工程协会）;中节能国祯十五里河流域治理一期优化项目工程获2024年度合肥市市政工程“庐州杯”奖（合肥市城乡建设局、合肥市市政工程协会）;中节能国祯获2024年宿州市建筑施工安全生产标准化示范工地（宿州市住房和城乡建设局）;2024年中央企业基层理论宣讲微视频优秀奖（国务院国资委宣传工作局中央企业影视专委会）,深圳证券交易所《上市公司自律监管指引第17号——可持续发展报告（试行）》;《上市公司自律监管指南第3号——可持续发展报告编制》;国务院国有资产监督管理委员会《央企控股上市公司ESG专项报告参考指标体系》及《央企控股上市公司ESG专项报告参考模板》;联合国可持续发展目标（UNSDGs）;全球报告倡议组织（Global Reporting Initiative，简称“GRI”）发布的《可持续发展报告标准（GRI Standards）》,中文,49,50965
145783202_2025-08-25_中金辐照：中金辐照股份有限公司2024年ESG报告.PDF,中金辐照股份有限公司,中金辐照,SZ.300962,中金辐照股份有限公司2024年ESG报告,未找到,关于本报告;董事长致辞;关于我们;公司简介;领导团队;组织架构;企业文化;企业荣誉;ESG绩效;ESG管理;ESG理念;ESG推进;重要性议题分析;利益相关方沟通;环保篇 绿色发展，共谋和谐共生之道;加强管理，共筑绿色未来;响应“双碳”，应对气候变化;身体力行，传递绿色理念;向绿而行，守护碧水蓝天;循环共生，资源高效利用;社会篇 和衷共济，共筑美好生活之道;以人为本，增进员工福祉;生命至上，搭建安全屏障;勠力同心，携手阔步前行;善行善举，践行使命担当;管治篇 守正创新，共创稳健治理之道;初心正炽，谱写绚烂华章;规范治理，维护股东权益;合规管理，筑牢发展基石;质量至上，提供优质服务;求新求变，激发创新活力;未来展望;附录;关键绩效,1应对气候变化;6能源利用;7水资源利用;8循环经济;11创新驱动;17员工;19利益相关方沟通;21反不正当竞争,中国证券报“第二十六届上市公司金牛奖—金信披奖”,《GRI可持续发展报告标准》（GRI Standards）；《ISO 26000：社会责任指南（2010）》；联合国2030年可持续发展目标（SDGs）；国务院国资委《关于新时代中央企业高标准履行社会责任的指导意见》；国务院国资委《提高央企控股上市公司质量工作方案》；中国社会科学院《中国企业可持续发展报告指南CASS-ESG 6.0》；深圳证券交易所《深圳证券交易所上市公司自律监管指引第2号——创业板上市公司规范运作》；《深圳证券交易所创业板上市公司自律监管指南第3号——可持续发展报告编制》,中文,39,36794
145784307_2025-08-25_康华生物：2024年度环境、社会及公司治理（ESG）报告.PDF,成都康华生物制品股份有限公司,康华生物,SZ300841,2024年度环境、社会及公司治理（ESG）报告,未找到,公司致辞;2024大事记;2024公司荣誉;关于我们;公司简介;企业治理;规范三会运作;投资者关系管理;信息披露强化;股东权益保护;利益相关方;企业荣誉;可持续发展管理;可持续发展管理策略;可持续发展管理理念;实质性议题分析;ESG治理架构;董事会声明;发展·合规稳健运营;推进依法合规;依法治企;合规运营;强化风险管控;筑牢清廉底线;信赖·研发优质产品;研发创新;夯实研发实力;研发优质产品;知识产权保护;质量管理;质量管理体系;药物警戒管理;推进信息安全建设;安全生产;安全管理体系;安全文化建设;打造安全型智慧园区;赋能客户;深耕服务质量;客户投诉管理;践行责任营销;绿色·践行低碳发展;排放与废弃物管理;环境合规管理;能源利用;水资源管理;绿色运营;成长·携手员工共赢;保障员工权益;助力职业发展;强化人才培养;守护职业健康;丰富员工生活;美好·助力社会和谐;拓展伙伴关系;打造可持续供应链;深化多元合作;聚焦医疗可及;助力普惠健康;践行公益慈善;绩效表;管治绩效表;环境绩效表;社会绩效表;附录;深交所索引;GRI索引;法律法规一览表;内部政策一览表;关于本报告;读者反馈表,1应对气候变化;2污染物排放;3废弃物处理;5环境合规管理;6能源利用;7水资源利用;8循环经济;11创新驱动;15产品和服务安全与质量;17员工;19利益相关方沟通;20反商业贿赂及反贪污,2023专利密集型产品;获评“2023年度四川省新经济100强”;获评“四川省医药行业50强”;获评“成都市院士（专家）创新工作站”;获评“龙泉驿区先进基层党组织”;获评“2023年四川企业技术创新发展能力100强”;冻干人用狂犬病疫苗（人二倍体细胞）获“成都工业精品”称号;药物警戒工作获药品不良反应监测中心表扬;公司实验室取得CNAS认可;获评“中国人才发展灯塔奖·业务赋能优秀企业”;2024年四川科技进步奖三等奖;2024年四川省专利奖三等奖,联合国《2030年可持续发展议程》;全球可持续发展标准委员会《GRI可持续发展报告标准》（GRI Standards）;国际标准化组织《ISO 26000：社会责任指南》（2010）;国家标准GB/T36000-2015《社会责任指南》、GB/T36001-2015《社会责任报告编写指南》、GB/T36002-2015《社会责任绩效分类指引》;香港联交所《环境、社会及管治报告指引》;《深圳证券交易所上市公司自律监管指引第2号——创业板上市公司规范运作》;《深圳证券交易所上市公司自律监管指引第11号——信息披露工作考核》;《深圳证券交易所上市公司自律监管指引第17号——可持续发展报告（试行）》,中文,48,44974
145809307_2025-08-27_三友联众：2024年度可持续发展报告（英文版）.PDF,三友联众集团股份有限公司,三友联众,300932.SZ,2024 Sustainability Report,未找到,关于本报告; 报告范围; 报告编制指引; 释义; ESG报告索引; GRI内容索引; 了解三友; 董事长致辞; 公司概述; 发展历程; 公司文化; 可持续管理; 战略领导; 双重重要性评估; 利益相关方沟通和响应机制; 绿色制造; 应对气候变化; 能源管理; 废弃物和污染管理; 水资源管理; 生物多样性; 社会责任; 产品质量安全与创新; 营销与客户权益; 供应链质量管理; 隐私与数据安全; 员工关怀与职业健康; 社会福利与贡献; 合规治理; 公司治理; 合规运营; 商业道德；01 了解三友联众，携手迈向可持续未来; 02 可持续管理，引领三友稳步前行; 03 绿色制造，赋予产品绿色基因; 04 社会责任，构建多元包容生态; 05 合规治理，夯实百年三友根基,1应对气候变化;6能源利用;3废弃物处理;7水资源利用;4生态系统和生物多样性保护;15产品和服务安全与质量;16数据安全与客户隐私保护;17员工;11创新驱动;10社会贡献;2污染物排放;5环境合规管理;13供应链安全;18尽职调查;19利益相关方沟通;20反商业贿赂及反贪污;21反不正当竞争,广东省制造业单项冠军企业; 国家知识产权优势企业; 团体标准主要起草单位; UL Witness Test Data Program; 中国检验检测学会协作实验室; TUV Rheinland Witness Laboratory; VDE Test Data Acceptance Program; CNAS Laboratory Accreditation Certification,"Global Reporting Initiative (GRI) Standards 2021, the SASB Standards for the Electrical & Electronic Equipment industry, and the UN's Sustainable Development Goals (SDGs). The Self-Regulatory Guidelines No. 17 for Companies Listed on Shenzhen Stock Exchange—Sustainability Report (for Trial Implementation) and Self-Regulatory Guidelines No. 3 for Companies Listed on Shenzhen Stock Exchange—Preparation of Sustainability Report；GRI Standards",英文,64,218114
145809312_2025-08-27_三友联众：2024年度可持续发展报告.PDF,三友联众集团股份有限公司,三友联众,未找到,2024年度可持续发展报告,未找到,关于本报告;报告范围;编制依据;释义;ESG报告索引;GRI内容索引;走进三友 共赴可持续未来;董事长致辞;集团介绍;发展历程;企业文化;可持续管理 引领三友行稳致远;战略引领;双重重要性分析;利益相关方沟通与回应机制;绿色制造 为产品注入绿色基因;应对气候变化;能源管理;污废管理;水资源管理;生物多样性;社会担当 共筑多元和谐生态;产品质量安全与创新;营销与客户权益;供应链质量管理;隐私与数据安全;员工关怀与职业健康;社会公益与贡献;合规治理 筑牢“百年三友”根基;公司治理;合规经营;商业道德；01走进三友 共赴可持续未来;02可持续管理 引领三友行稳致远;03绿色制造 为产品注入绿色基因;04社会担当 共筑多元和谐生态;05合规治理 筑建'百年三友'根基,1应对气候变化;6能源利用;2污染物排放;3废弃物处理;7水资源利用;4生态系统和生物多样性保护;15产品和服务安全与质量;13供应链安全;17员工;19利益相关方沟通;18尽职调查;21反不正当竞争,2024TCL空调优秀供应商;广东省制造业单项冠军企业;UL目击实验室证书;实物标准协作实验室证书;TÜV目击实验室证书;VDE数据实验室证书;CNAS国家认可实验室证书;国家知识产权优势企业;2024届3+1“骨干”实习过程总结&师徒制拜师仪式;技能大师工作室,GRI准则（GRI Standards 2021）、SASB电气与电子设备（Electrical & Electronic Equipment）行业准则、联合国可持续发展目标（SDGs）；参考《深圳证券交易所上市公司自律监管指引第17号——可持续发展报告（试行）》《深圳证券交易所创业板上市公司自律监管指引第3号——可持续发展报告编制》；GRI Standards,中文,64,67272
145810485_2025-08-27_指南针：2024年度可持续发展报告.PDF,北京指南针科技发展股份有限公司,指南针,未找到,2024年度可持续发展报告,未找到,第一节 报告开篇;第二节 公司治理;第三节 环境;第四节 员工雇佣与发展;第五节 产品责任;第六节 伙伴合作与行业共进;第七节 附录,1应对气候变化;2污染物排放;3废弃物处理;9乡村振兴;10社会贡献;11创新驱动;16数据安全与客户隐私保护;17员工;18尽职调查;19利益相关方沟通;21反不正当竞争,公司入选中国上市公司协会2024年上市公司董事会典型实践案例;公司入选中国上市公司协会2024年董办最佳实践案例;麦高证券获得投资者服务中心颁发的《股东来了》2024年投资者保护视频大赛优秀奖;公司入选北京企业联合会&北京市企业家协会2024年北京数字经济企业百强;公司入选北京市昌平园2024年度“双爱双评”先进企业;公司入选北京市昌平园2024年度工会工作先进单位;麦高证券获得2024年度中国田径协会跑遍中国系列活动优秀组织示范单位,深圳证券交易所《上市公司自律监管指引第17号——可持续发展报告（试行）》;依据全球可持续发展标准委员会（GSSB）《可持续发展报告编写指南（GRI 2021）》;深圳证券交易所《上市公司自律监管指南第3号——可持续发展报告编制》;财政部《企业可持续披露准则——基本准则（试行）》;气候相关财务信息披露工作组（简称“TCFD”）披露框架,中文,34,23384
145811046_2025-08-28_深圳市杰普特光电股份有限公司2024年可持续发展报告（英文版）.pdf,深圳市杰普特光电股份有限公司,JPT,688025,2024可持续发展报告,2024-12-31,关于本报告;董事长致辞;关于JPT;JPT治理;JPT创新与发展;JPT可持续发展;JPT员工;JPT企业公民,1应对气候变化;6能源利用;8循环经济;11创新驱动;17员工,广东省制造业单项冠军企业;制造业单项冠军产品（第八批）;2022年福建省科学技术进步奖二等奖“电池工匠-年度行业新星奖”;国际知名品牌;秘密之光奖-激光行业创新突破奖;2023年广东省制造业行业科学技术奖技术进步三等奖;“OFweek激光奖-最佳工业激光应用案例”“OFweek激光奖-最佳光纤激光技术创新奖”;中国激光之星奖激光行业杰出人物奖,《深圳证券交易所上市公司自律监管指引第1号-规范运作》、中国国家标准GB/T 36001-2015《中国企业社会责任报告编制指南》、全球可持续发展标准委员会“GRI可持续发展报告标准”（GRI Standards）、中国社会科学院“中国企业社会责任报告编制标准”（CASS-CSR4.0）、联合国可持续发展目标（SDGs）；GRI Standards,英文,73,123059
145811047_2025-08-28_深圳市杰普特光电股份有限公司2024年可持续发展报告（中文版）.pdf,深圳市杰普特光电股份有限公司,杰普特,688025,2024可持续发展报告,未找到,关于本报告;董事长致辞;走进杰普特;厚德之光;创新之光;绿色之光;谦尊之光;社会之光;ESG索引;意见反馈,2污染物排放;3废弃物处理;6能源利用;11创新驱动;17员工;19利益相关方沟通;9乡村振兴;10社会贡献,广东省制造业单项冠军企业;第八届国家制造业单项冠军产品;2022年度福建省科学技术进步奖二等奖;“电池工匠-年度行业新星奖”;国际信誉品牌;红光奖-激光行业创新突破奖;2023年度广东省制造业科学技术奖科技进步三等奖;“维科杯”最佳激光行业应用案例奖;“维科杯”最佳光纤激光器技术创新奖;中国激光星锐奖激光行业杰出人物奖；第七届“红光奖”——激光行业创新突破奖,《深圳证券交易所上市公司自律监管指引第1号--规范运作》、中国国家标准GB/T 36001-2015《社会责任报告编写指南》、全球可持续发展标准委员会《GRI可持续发展报告标准》(GRI Standards)、中国社会科学院《中国企业社会责任报告编制指南》(CASS-CSR4.0)、联合国可持续发展目标(SDGs)；GRI标准,中文,73,36855
145816857_2025-08-28_新华医疗2024年度ESG报告.pdf,山东新华医疗器械股份有限公司,新华医疗,600587.SH,2024环境、社会和公司治理（ESG）报告,2025-08-27,董事长致辞;关于本报告;走进新华医疗;可持续发展治理;创新驱动引领未来;卓越品质服务健康;绿动新华守护环境;以人为本共筑美好;强本固基行稳致远;未来展望;附录,1应对气候变化;2污染物排放;3废弃物处理;5环境合规管理;6能源利用;7水资源利用;8循环经济;11创新驱动;15产品和服务安全与质量;16数据安全与客户隐私保护;17员工;18尽职调查;19利益相关方沟通;9乡村振兴;10社会贡献;20反商业贿赂及反贪污;21反不正当竞争,入选2024年华证A股上市公司首发ESG报告优胜TOP100;荣获山东省绿色工厂称号;荣获山东省全员创新企业称号;荣获2024人文医疗建筑全国医疗建筑优质工程奖一等奖;荣获京东健康颁发的2024年度领航品牌奖;新华手术器械公司荣获第八批山东省制造业单项冠军企业;通过ISO 14001环境管理体系认证;通过ISO 50001能源管理体系认证;荣获国家级绿色供应链管理企业认证；消防应急救援技能大赛优秀单位；消防应急救援技能大赛优秀组织奖,《上海证券交易所上市公司自律监管指引第14号——可持续发展报告（试行）》;《上海证券交易所上市公司自律监管指南第4号——可持续发展报告编制》;山东省人民政府国有资产监督管理委员会《山东省控上市公司ESG指标体系工作指引》;全球报告倡议组织《可持续发展报告标准》（GRI Standards）;《中国企业可持续发展报告指南（CASS-ESG 6.0）》;联合国可持续发展目标（SDGs）,中文,68,60738
145827163_2025-08-29_2024可持续发展报告书（英文版）.pdf,环旭电子股份有限公司,环旭电子,601231,2024年可持续发展报告,2025-08,关于本报告;关于环旭电子;董事长兼总裁致辞;可持续发展绩效亮点;可持续发展管理;运营与治理;绿色产品与创新;价值链管理;环境保护与职业安全;包容性工作场所;社会参与;子公司概览;附录；About this Report; Sustainability Management; Operations and Governance; Green Products and Innovation; Value Chain Management; Environmental Protection and Occupational Safety; Inclusive Workplace; Social Involvement; Subsidiary Overview; Appendix,1应对气候变化;6能源利用;7水资源利用;8循环经济;12科技伦理;13供应链安全;15产品和服务安全与质量;17员工;19利益相关方沟通;2污染物排放;3废弃物处理;11创新驱动;18尽职调查;20反商业贿赂及反贪污;21反不正当竞争,"S&P Global Sustainability Yearbook Industry Top 5%;ISS ESG Corporate Rating Prime Status;MSCI ESG Ratings BBB;Certified RBA Factory of Choice;EcoVadis Bronze Sustainability Rating;2024 China's Industrial Carbon Peak Frontrunner;2024 Wind ESG China Listed Companies Best ESG Practices Award;SynTao Green Finance 2024 ESG Rating A;Capital Week 2024 ESG Golden Beacon Awards;2024 CDP Climate Change B Rating;2024 CDP Water Resources B Rating;2024 SGS ESG Awards-Sustainable Environment Award;2024 Shanghai Roots & Shoots 25th Anniversary Distinguished Partner Award;Guangdong Green Factory Certification;Acknowledgement for Contributions to Eco-Industrial Park Development in Vietnam;2024 China Business Network Capital Market Value-List-Most Competitive Enterprise of the Year;2024 Top 100 Shanghai Emerging Industries;2024 Top 100 Shanghai Manufacturers;2024 Top 100 Shanghai Enterprises;2023 Nissan Quality Improvement Award;2023 Best Practice for Shanghai Listed Companies Corporate Governance and Internal Control;2023 Top 10 Sales in Shanghai Integrated Circuit Packaging and Testing Industry;2024 Guangdong Top 500 Manufacturers;2024 Greater Bay Area Strategic Emerging Industries-Leading Enterprise;TCL CSOT 15-Year Long-Term Supplier Award;2023 Kunshan Outstanding Contribution to Industrial Output;Taiwan Intellectual Property Management Standard (TIPS)-Patent Grade A Certification;2018-2024 Jalisco Technology Park Program-Outstanding Collaboration Award;2024 Honeywell Global Supplier Resilience Award;2023 High Outstanding Contributions to High Export Turnover;2023 Safe Production Steady Progress Award;Top 10 Enterprises with Harmonious Labor Relations;2024 Nantou County Top Cancer Screening Workplace;2025-2027 Accredited Healthy Workplace-Health Promotion Badge;2022-2025 Accredited Nantou County Breastfeeding Room-Most Accommodating Room;2024 Jalisco Without Gaps Badge-Workplace Gender Equality;2024 Jalisco Responsible Distinction-Good Labor Practices;ELSSA Distinction for Safe and Healthy Work Environments;2024 Outstanding Enterprise for Employees;2024 Outstanding Contributions to Building a Strong Union and Holding Excellent Labor Activities for Employees；RBA Factory of Choice (FOC); Jiangsu Provincial Smart Manufacturing Demonstration Factory; Jiangsu's First Batch of 'Star-rated' Cloud-Integrated Enterprises; Best partner Award for Consen Hangzhou Emerson Automation Technology Co., Ltd; Suzhou Labor and Social Security 'AA' Credit Rating Enterprise; Jiangsu Provincial Green Factory",GRI Standards 2021;SASB Electronic Manufacturing Services & Original Design Manufacturing Standards;SSE Listed Companies Self-Regulatory Guidelines No.14-Sustainability Report (Preliminary Version)；GRI Standards,英文,192,487117
145827164_2025-08-29_2024可持续发展报告书（审验版）.pdf,环旭电子股份有限公司,环旭电子,601231,2024可持续发展报告书,2025-08-01,关于本报告书;关于环旭电子;董事长与总经理的话;可持续荣耀与肯定;可持续管理;营运与治理;绿色产品与创新;价值链管理;环境保护与职场安全卫生;包容职场;社会参与;子公司概览;附录；关于本报告书;可持续管理;营运与治理;绿色产品与创新;价值链管理;环境保护与职场安全卫生;包容职场;社会参与;子公司概览;附录；关于本报告书;可持续管理;营运与治理;绿色产品与创新;价值链管理;环境保护与职场安全卫生;包容职场;社会参与;子公司概览;附录；关于本报告书;可持续管理;营运与治理;绿色产品与创新;价值链管理;环境保护与职场安全卫生;包容职场;社会参与;子公司概览;附录,1应对气候变化;3废弃物处理;6能源利用;11创新驱动;17员工;19利益相关方沟通;7水资源利用;8循环经济;13供应链安全;18尽职调查;9乡村振兴;10社会贡献;2污染物排放;4生态系统和生物多样性保护;5环境合规管理,2022-2025年连续4年入选S&P Global可持续发展年鉴;ISS ESG企业评比“最佳”等级;MSCI ESG评级BBB;7厂区获得RBA精选工厂一星级认证;EcoVadis可持续铜牌奖;2024年中国工业碳达峰“领跑者”企业;晨星Sustainalytics ESG风险评级“可忽略的风险”;2024年度Wind中国上市公司ESG最佳实践奖;2024年商道融绿ESG评级“A”;证券市场周刊2024年度ESG金曙光奖;2024年CDP气候变迁评比获得B评级;2024年CDP水资源评比获得B评级;2024年SGS永续环境奖;2024年上海根与芽-百万植树计划25周年杰出合作伙伴奖;2024年广东省制造业企业500强第125位;2024年大湾区战略性新兴产业“领航企业”;TCL华星最长情15年供应商;越南生态工业园区贡献感谢状;2024年第一财经资本市场价值榜-年度竞争力企业;2024年上海新兴产业企业100强第9名;2024年上海制造业企业100强第13名;2024年上海企业100强第38名;2023年度日产质量改善奖;2023年度上海上市公司治理和内部控制“优秀实践”案例;2023年度上海市集成电路封测业销售前十名;2024年昆山市工业产出突出贡献企业;2024年度南投县职场癌症及C肝筛检计划-绩优职场认证;114-116年健康职场认证-健康促进标章;111-114年南投县哺（集）乳室认证-亲善认证;2024年墨西哥哈利斯科州性别平等职场;2024年墨西哥哈利斯科州优良职场典范;墨西哥政府ELSSA职场健康安全认证;2024年关爱员工典范企业;2024年表扬企业对建立工会与举办员工活动突出贡献;2024年Honeywell供应商全球韧性奖;2023年高出口额突出贡献奖；RBA精选工厂（FOC）一星级认证;江苏省智能制造工厂;首批江苏省星级上云企业名单;康吉森最佳合作伙伴;苏州市吴江区百强企业;Danfoss长期合作伙伴;费森尤斯卡比（南昌）医疗器械有限公司-最佳合作供应商;江苏省绿色工厂,GRI准则（GRI Standards 2021）、SASB电子制造服务与原始设计制造（Electronic Manufacturing Services & Original Design Manufacturing）行业准则；GRI Standards,中文,192,174647
145828354_2025-08-29_中国银行股份有限公司2025年半年度第三支柱信息披露报告.pdf,中国银行股份有限公司,中国银行,未找到,2025年半年度第三支柱信息披露报告,未找到,1 引言;1.1 披露依据;1.2 披露声明;2 风险管理、关键审慎监管指标和风险加权资产概览;2.1 KM1：监管并表关键审慎监管指标;2.2 KM2：关键审慎监管指标——处置集团的总损失吸收能力监管要求;2.3 OV1：风险加权资产概况;3 资本和总损失吸收能力的构成;3.1 CCA：资本工具和合格外部总损失吸收能力非资本债务工具的主要特征;3.2 CC1：资本构成;3.3 CC2：集团财务并表和监管并表下的资产负债表差异;3.4 TLAC1：全球系统重要性银行的总损失吸收能力构成（按处置集团）;3.5 TLAC2：重要子集团实体的债权人受偿顺序;3.6 TLAC3：处置实体的债权人受偿顺序;4 信用风险;4.1 CR5-2：信用风险暴露和信用转换系数（按风险权重划分）;4.2 CR6：内部评级法下信用风险暴露（按风险暴露类别和违约概率区间）;5 交易对手信用风险;5.1 CCR1：交易对手信用风险暴露（按计量方法）;6 资产证券化;6.1 SEC1：银行账簿资产证券化;6.2 SEC2：交易账簿资产证券化;7 市场风险;7.1 MR1：标准法下市场风险资本要求;7.2 MR3：简化标准法下市场风险资本要求;8 宏观审慎监管措施;9 杠杆率;9.1 LR1：杠杆率监管项目与相关会计项目的差异;9.2 LR2：杠杆率;10 流动性风险;10.1 LIQ1：流动性覆盖率;10.2 LIQ2：净稳定资金比例,未找到,未找到,未找到,中文,35,23292
145828794_2025-08-29_腾景科技2024年度可持续发展报告.pdf,腾景科技股份有限公司,腾景科技,未找到,2024可持续发展报告,未找到,关于本报告;董事长致辞;责任管理;ESG治理架构;利益相关方沟通;重要性议题分析;走进腾景科技;公司概况;2024荣誉时刻;企业文化;治理责任;公司治理强化;信息沟通披露;风控管理完善;廉洁文化建设;产品责任;创新驱动;产品质量与客户服务;数字化与信息安全;可持续供应链;环境责任;环境管理;应对气候变化;治污减排;资源能源利用;伙伴责任;员工雇佣权益;员工成长关怀;健康安全保障;行业合作交流;社会公益同行,1应对气候变化;2污染物排放;3废弃物处理;6能源利用;7水资源利用;8循环经济;11创新驱动;15产品和服务安全与质量;16数据安全与客户隐私保护;17员工;18尽职调查;19利益相关方沟通;20反商业贿赂及反贪污;21反不正当竞争,2024年纳税突出贡献奖;福建省院士专家工作站,上海证券交易所《上市公司自律监管指引第14号——可持续发展报告（试行）》;联合国2030年可持续发展目标（SDGs）;全球可持续发展标准委员会《可持续发展报告标准》（GRI Standards）;中国社会科学院《中国企业可持续发展报告编写指南》（CASS-ESG 6.0）;中国国家标准《社会责任报告编写指南》（GB/T36001-2015）;国际标准化组织《ISO 26000：社会责任指南（2010）》,中文,47,46406
145829549_2025-08-29_招商银行股份有限公司2025年半年度第三支柱报告.pdf,招商银行股份有限公司,招商银行,未找到,2025年半年度第三支柱报告,2025-08-29,1. 引言;1.1 披露依据;1.2 并表范围;1.3 披露声明;2. 释义;3. 风险管理、关键审慎监管指标和风险加权资产概览;3.1 KM1 监管并表关键审慎监管指标;3.2 OV1 风险加权资产概况;4. 资本和总损失吸收能力的构成信息;4.1 CCA 资本工具和合格外部总损失吸收能力非资本债务工具的主要特征;4.2 CC1 资本构成;4.3 CC2 集团财务并表和监管并表下的资产负债表的差异;5. 信用风险;5.1 CR5 信用风险暴露和信用转换系数（按风险权重划分）;5.2 CR6 内部评级法下信用风险暴露（按风险暴露类别和违约概率区间）;6. 交易对手信用风险;6.1 CCR1 按计量方法披露交易对手信用风险暴露;7. 资产证券化;7.1 SEC1 银行账簿资产证券化;7.2 SEC2 交易账簿资产证券化;8. 市场风险;8.1 MR1 标准法下市场风险资本要求;9. 宏观审慎监管措施;9.1 GSIB1 全球系统重要性银行评估指标;10. 杠杆率;10.1 LR1 杠杆率监管项目与相关会计项目的差异;10.2 LR2 杠杆率;11. 流动性风险;11.1 LIQ1 流动性覆盖率;11.2 LIQ2 净稳定资金比例,未找到,未找到,国家金融监督管理总局令2023年第4号《商业银行资本管理办法》及相关规定,中文,30,5058
145830680_2025-08-29_农业银行2025年半年度第三支柱信息披露报告.pdf,中国农业银行股份有限公司,中国农业银行,未找到,中国农业银行股份有限公司2025年半年度第三支柱信息披露报告,2025-08-29,1.引言;2.风险管理、关键审慎监管指标和风险加权资产概览;3.资本和总损失吸收能力的构成;4.信用风险;5.交易对手信用风险;6.资产证券化;7.市场风险;8.宏观审慎监管措施;9.杠杆率;10.流动性风险,未找到,未找到,《商业银行资本管理办法》（国家金融监督管理总局令2023年第4号）及相关规定,中文,35,21615
145832275_2025-08-29_工商银行2025半年度资本管理第三支柱信息披露报告.pdf,中国工商银行股份有限公司,工商银行,未找到,2025半年度资本管理第三支柱信息披露报告,未找到,引言;风险管理、关键审慎监管指标和风险加权资产概览;资本和总损失吸收能力的构成;信用风险;交易对手信用风险;资产证券化;市场风险;宏观审慎监管措施;杠杆率;流动性风险,未找到,未找到,国家金融监督管理总局令2023年第4号《商业银行资本管理办法》,中文,32,19968
145889177_2025-09-30_工商银行关于发布2025半年度社会责任与可持续金融专题报告的公告.pdf,中国工商银行股份有限公司,工商银行,601398,中国工商银行股份有限公司关于发布2025半年度社会责任与可持续金融专题报告的公告,2025-09-30,未找到,未找到,未找到,未找到,中文,1,621
145889183_2025-09-30_中国工商银行股份有限公司2025半年度社会责任与可持续金融专题报告.pdf,中国工商银行股份有限公司,工商银行,未找到,中国工商银行股份有限公司2025半年度社会责任与可持续金融专题报告,2025-09-30,1 治理与可持续风险管理;02 公司治理;03 可持续发展管理;04 环境、社会及治理（ESG）风险;05 气候风险管理;06 廉洁工行建设;2 科技金融;07 建设“五专”服务体系;09 支持专精特新“小巨人”企业;09 服务战略性新兴产业;3 绿色金融;10 组织架构与机制建设;11 绿色信贷;11 绿色债券;12 其他绿色金融业务;4 普惠金融;14 支持小微企业;16 助力乡村振兴;18 提高金融服务可得性;5 养老金融;20 组织架构与机制建设;21 养老金金融;22 养老服务金融;23 养老产业金融;6 数字金融;24 数字工行建设;27 支持数字经济发展;7 隐私与数据安全;29 个人客户对数据的控制权;30 数据安全管理体系;31 网络安全政策和系统审计;31 数据安全与隐私保护风险培训;8 消费者权益保护;32 消费者权益保护政策;34 产品与业务审查;35 客户投诉管理;35 消费者权益保护培训;36 金融教育倡议和利益相关方参与;9 人力资本发展;38 员工权益与福利;40 人才发展与培训;10 可持续发展绩效;42 环境;43 社会;45 报告释义;45 报告编制说明;46 独立有限保证鉴证报告,1应对气候变化;9乡村振兴;11创新驱动;15产品和服务安全与质量;16数据安全与客户隐私保护;17员工;18尽职调查;19利益相关方沟通;20反商业贿赂及反贪污,《证券时报》“养老金融天玑奖”；《零售银行》“最佳养老金融服务奖”；《经济观察报》“年度养老金融服务机构”；《央保中心》“优秀受托人”；香港《财资》杂志“2025年度中国年度数字银行”奖项；英国《银行家》“全球最佳开放银行项目”奖项；《亚洲银行家》“中国最佳流程自动化人工智能应用”奖项,联合国可持续发展目标（SDGs）、联合国全球契约十项原则、香港联合交易所《环境、社会及管治报告指引》,中文,27,43445
