filename,公司全称,公司简称,公司代码,文件名称,落款日期,会议类型,文件目录,会议召开时间,篇幅页码,字数
145986948_2025-10-10_2025年第四次临时股东大会会议资料.pdf,沈阳富创精密设备股份有限公司,富创精密,688409,2025年第四次临时股东大会会议资料,2025-10-13,临时股东会,2025年第四次临时股东大会会议须知;2025年第四次临时股东大会会议议程;2025年第四次临时股东大会议案;议案一：《关于取消监事会、修订<公司章程>并办理工商变更的议案》,未找到,7,2728
145986952_2025-10-10_2025年第二次临时股东大会会议资料.pdf,黑龙江天有为电子股份有限公司,天有为电子,未找到,2025年第二次临时股东大会会议资料,2025-10-20,临时股东会,2025年第二次临时股东大会会议须知;2025年第二次临时股东大会会议议程;2025年第二次临时股东大会会议议案;议案一：关于取消监事会、修订《公司章程》并办理工商登记的议案;议案二：关于修订部分公司治理制度的议案;议案三：关于制定部分公司治理制度的议案,2025年10月20日,8,3175
145986986_2025-10-10_浙江大元泵业股份有限公司2025年第二次临时股东大会会议资料.pdf,浙江大元泵业股份有限公司,浙江大元泵业,未找到,浙江大元泵业股份有限公司2025年第二次临时股东大会会议资料,2025-10-20,临时股东会,浙江大元泵业股份有限公司2025年第二次临时股东大会会议议程;议案1：《关于取消监事会、变更注册资本暨修订<公司章程>的议案》,2025年10月20日下午14:00开始,51,43620
145987051_2025-10-10_卧龙电驱2025年第三次临时股东会会议资料.pdf,卧龙电气驱动集团股份有限公司,卧龙电驱,未找到,2025年第三次临时股东会会议资料,2025-10-17,临时股东会,2025年第三次临时股东会会议规则特别提示;2025年第三次临时股东会议程;议案一 关于《卧龙电气驱动集团股份有限公司2025年限制性股票激励计划（草案）》及其摘要的议案;议案二 关于《卧龙电气驱动集团股份有限公司2025年限制性股票激励计划实施考核管理办法》的议案;议案三 关于提请股东会授权董事会办理公司股权激励计划相关事宜的议案;附件1：授权委托书,2025年10月17日14:00,8,4162
145987059_2025-10-10_2025年第一次临时股东大会文件.pdf,上海新华传媒股份有限公司,新华传媒,未找到,2025年第一次临时股东大会文件,2025-10-16,临时股东会,2025年第一次临时股东大会须知;2025年第一次临时股东大会议程;关于取消监事会并修订《公司章程》的议案;关于修订、新增公司部分制度的议案,2025年10月16日,40,40940
145987098_2025-10-10_威腾电气集团股份有限公司2025年第二次临时股东大会会议资料.pdf,威腾电气集团股份有限公司,威腾电气,688226,2025年第二次临时股东大会会议资料,2025-10-15,临时股东会,2025年第二次临时股东大会会议须知;2025年第二次临时股东大会会议议程;2025年第二次临时股东大会会议议案;议案一 关于取消公司监事会的议案;议案二 关于修订《公司章程》的议案;议案三 关于修订《股东大会议事规则》的议案;议案四 关于修订《董事会议事规则》的议案;议案五 关于修订《关联交易管理制度》的议案;议案六 关于修订《重大投资经营决策管理制度》的议案;议案七 关于修订《融资与对外担保管理制度》的议案;议案八 关于修订《子公司管理办法》的议案;议案九 关于修订《董事、监事、高级管理人员薪酬管理制度》的议案;议案十 关于修订《独立董事制度》的议案;议案十一 关于修订《募集资金使用管理办法》的议案;议案十二 关于修订《累积投票制度实施细则》的议案;议案十三 关于修订《控股股东、实际控制人行为规范》的议案;议案十四 关于修订《利润分配管理制度》的议案;议案十五 关于修订《股东大会网络投票实施细则》的议案;议案十六 关于修订《证券投资交易管理制度》的议案;议案十七 关于修订《对外捐赠管理制度》的议案;议案十八 关于补选公司第四届董事会非独立董事的议案,2025年10月15日,25,11657
145987101_2025-10-10_上海太和水科技发展股份有限公司2025年第五次临时股东会会议资料.pdf,上海太和水科技发展股份有限公司,*ST太和,605081,2025年第五次临时股东会会议资料,2025-10-16,临时股东会,2025年第五次临时股东会须知;2025年第五次临时股东会议议程;议案一：《关于修订<公司章程>并办理工商变更登记及修订部分治理制度的议案》,2025年10月16日,7,2586
145987133_2025-10-10_动力新科2025年第一次临时股东会会议资料.pdf,上海新动力汽车科技股份有限公司,新动力科技,未找到,2025年第一次临时股东会会议资料,2025-10-16,临时股东会,2025年第一次临时股东会会议须知;2025年第一次临时股东会议程;2025年第一次临时股东会文件之一 关于公司与相关方联合出资参与上汽红岩重整事项的议案;2025年第一次临时股东会文件之二 关于在招商银行开展存贷款等业务暨关联交易的议案,2025年10月16日,19,12942
145987135_2025-10-10_动力新科2025年第一次临时股东会会议资料.pdf,上海新动力汽车科技股份有限公司,新动力科技,未找到,2025年第一次临时股东会会议资料,2025-10-16,临时股东会,2025年第一次临时股东会会议须知;2025年第一次临时股东会议程;2025年第一次临时股东会文件之一 关于公司与相关方联合出资参与上汽红岩重整事项的议案;2025年第一次临时股东会文件之二 关于在招商银行开展存贷款等业务暨关联交易的议案,2025年10月16日,19,12942
145987177_2025-10-10_财达证券股份有限公司2025年第一次临时股东会会议材料.pdf,财达证券股份有限公司,财达证券,未找到,2025年第一次临时股东会会议材料,2025-10-28,临时股东会,2025年第一次临时股东会会议议程;会议须知;议案一 关于选举第四届董事会非独立董事的议案,2025年10月28日,6,2480
145987297_2025-10-10_云南省贵金属新材料控股集团股份有限公司2025年第二次临时股东大会会议资料.pdf,云南省贵金属新材料控股集团股份有限公司,贵研铂业,600459,2025年第二次临时股东大会会议资料,2025-10-01,临时股东会,一、股东大会须知;二、2025年第二次临时股东大会议案;1、《关于公司符合向特定对象发行股票条件的预案》;2、《关于公司2025年度向特定对象发行A股股票方案的预案》;3、《关于公司向特定对象发行A股股票预案的预案》;4、《关于公司向特定对象发行A股股票募集资金使用可行性分析报告的预案》;5、《关于公司2025年度向特定对象发行A股股票方案的论证分析报告的预案》;6、《关于公司向特定对象发行A股股票摊薄即期回报及填补措施的预案》;7、《公司控股股东、董事、高级管理人员关于公司2025年度向特定对象发行股票摊薄即期回报及采取填补措施的承诺的预案》;8、《关于提请股东大会授权董事会及董事会授权人士办理公司向特定对象发行A股股票相关事宜的预案》;9、《关于公司前次募集资金使用情况专项报告的预案》,未找到,127,83707
145987317_2025-10-10_赤峰黄金2025年第二次临时股东会会议资料.pdf,赤峰吉隆黄金矿业股份有限公司,赤峰吉隆黄金矿业,未找到,2025年第二次临时股东会会议资料,2025-10-01,临时股东会,2025年第二次临时股东会会议须知;2025年第二次临时股东会会议议程;议案一 关于修订《赤峰吉隆黄金矿业股份有限公司章程》的议案;议案二 关于修订公司《独立董事工作制度》的议案;议案三 关于修订公司《关联交易管理制度》的议案;议案四 关于修订公司《对外担保管理办法》的议案;议案五 关于选举公司第九届董事会非独立董事的议案;议案六 关于选举公司第九届董事会独立董事的议案,2025年10月31日,41,28040
145987339_2025-10-10_德邦物流股份有限公司2025年第二次临时股东会会议资料.pdf,德邦物流股份有限公司,德邦快递,未找到,德邦物流股份有限公司2025年第二次临时股东会会议资料,2025-10-17,临时股东会,会议须知;会议议程;议案一:《关于续聘2025年度审计机构的议案》;议案二:《关于取消监事会并修订<公司章程>的议案》;议案三:《关于新增及修订公司部分治理制度的议案》;议案四:《关于选举公司第六届董事会非独立董事的议案》,2025年10月17日15:00,11,5575
145987361_2025-10-10_2025年第四次临时股东大会会议资料.pdf,南亚新材料科技股份有限公司,南亚新材,688519,2025年第四次临时股东大会会议资料,2025-10-27,临时股东会,2025年第四次临时股东大会会议须知;2025年第四次临时股东大会议程;2025年第四次临时股东大会议案;议案一 关于取消监事会并修订《公司章程》及相关议事规则的议案;议案二 关于修订、制定部分公司治理制度的议案,2025年10月27日,9,3998
145987624_2025-10-10_索通发展股份有限公司2025年第四次临时股东会会议资料.pdf,索通发展股份有限公司,索通发展,未找到,索通发展股份有限公司2025年第四次临时股东会会议资料,2025-10-16,临时股东会,一、2025年第四次临时股东会参会须知;二、2025年第四次临时股东会基本情况及会议议程;三、2025年第四次临时股东会会议议案;1.关于取消监事会、修订《公司章程》及办理工商变更登记手续的议案;2.关于修订公司部分治理制度的议案,2025年10月16日,10,3869
145987739_2025-10-10_湖南海利2025年第一次临时股东大会会议资料.pdf,湖南海利化工股份有限公司,湖南海利,未找到,2025年第一次临时股东大会会议资料,2025-10-16,临时股东会,会议日程安排表;议案1:《关于公司<2025年限制性股票激励计划(草案修订稿)>及其摘要的议案》;议案2:《关于公司<2025年限制性股票激励计划实施考核管理办法>的议案》;议案3:《关于提请公司股东大会授权董事会办理公司2025年限制性股票激励计划相关事项的议案》,2025年10月16日,8,3808
145987750_2025-10-10_2025年第六次临时股东会会议资料.pdf,海天水务集团股份公司,海天水务集团股份公司,未找到,海天水务集团股份公司2025年第六次临时股东会会议资料,2025-10-15,临时股东会,海天水务集团股份公司2025年第六次临时股东会会议规则;海天水务集团股份公司2025年第六次临时股东会议程;议案一：关于公司符合向不特定对象发行可转换公司债券条件的议案;议案二：关于公司向不特定对象发行可转换公司债券方案的议案;议案三：关于公司向不特定对象发行可转换公司债券预案的议案;议案四：关于公司向不特定对象发行可转换公司债券方案的论证分析报告的议案;议案五：关于公司向不特定对象发行可转换公司债券募集资金使用可行性分析报告的议案;议案六：关于公司前次募集资金使用情况专项报告的议案;议案七：关于公司向不特定对象发行可转换公司债券摊薄即期回报与填补措施及相关主体承诺的议案;议案八：关于制定公司《可转换公司债券持有人会议规则》的议案;议案九：关于提请股东会授权董事会及董事会授权人士全权办理本次向不特定对象发行可转换公司债券相关事宜的议案;议案十：关于公司未来三年股东回报规划（2025年-2027年）的议案,2025年10月15日,28,17160
145987772_2025-10-10_2025年第二次临时股东大会会议资料.pdf,北京天智航医疗科技股份有限公司,天智航,未找到,北京天智航医疗科技股份有限公司2025年第二次临时股东大会会议资料,2025-10-01,临时股东会,2025年第二次临时股东大会会议须知;2025年第二次临时股东大会会议议程;议案一：《关于增加2025年度日常关联交易预计额度的议案》;议案二：《关于补选公司第六届董事会非独立董事的议案》,2025年10月16日,8,3577
145987794_2025-10-10_晶华微2025年第二次临时股东会会议资料.pdf,杭州晶华微电子股份有限公司,晶华微,688130,2025年第二次临时股东会会议资料,2025-10,临时股东会,2025年第二次临时股东会会议须知;2025年第二次临时股东会会议议程;2025年第二次临时股东会议案;议案一：《关于续聘2025年度审计机构的议案》,2025年10月17日,6,3072
145987812_2025-10-10_华夏幸福2025年第二次临时股东大会会议资料.pdf,华夏幸福基业股份有限公司,华夏幸福基业,600340,2025年第二次临时股东大会会议资料,2025-10-17,临时股东会,2025年第二次临时股东大会会议议程;2025年第二次临时股东大会会议须知;议案一：关于为全资子公司提供担保展期的议案;2025年第二次临时股东大会投票表决办法,2025年10月17日,8,3852
145987829_2025-10-10_国投资本2025年第二次临时股东会会议资料.pdf,国投资本股份有限公司,国投资本,未找到,2025年第二次临时股东会会议资料,2025-10-27,临时股东会,1.关于修订《国投资本股份有限公司章程》的议案;2.关于修订《国投资本股份有限公司股东大会议事规则》的议案;3.关于修订《国投资本股份有限公司董事会议事规则》的议案;4.关于废止《国投资本股份有限公司监事会议事规则》的议案;5.关于选举独立董事的议案,未找到,63,42072
145987836_2025-10-10_赛恩斯环保股份有限公司2025年第三次临时股东大会会议资料.pdf,赛恩斯环保股份有限公司,赛恩斯,688480,2025年第三次临时股东大会会议资料,2025-10-16,临时股东会,2025年第三次临时股东大会会议须知;2025年第三次临时股东大会议程;2025年第三次临时股东大会会议议案;议案一、关于取消监事会并修订《公司章程》的议案;议案二、关于制定及修订部分公司治理制度的议案,2025年10月16日,8,3374
145988022_2025-10-10_2025年第四次临时股东会会议资料.pdf,深圳市倍轻松科技股份有限公司,倍轻松,688793,2025年第四次临时股东会会议资料,2025-10-01,临时股东会,一、2025年第四次临时股东会会议须知;二、2025年第四次临时股东会会议议程;三、2025年第四次临时股东会会议议案;议案一：《关于公司未弥补亏损达到实收股本总额三分之一的议案》;议案二：《关于独立董事任期届满六年辞任暨补选独立董事、董事会专门委员会委员的议案》,2025年10月16日,8,3608
145988244_2025-10-10_湖南湘邮科技股份有限公司2025年第二次临时股东会会议资料.pdf,湖南湘邮科技股份有限公司,湘邮科技,未找到,湖南湘邮科技股份有限公司2025年第二次临时股东会会议资料,2025-10-16,临时股东会,湘邮科技股东会须知;湘邮科技2025年第二次临时股东会议程;议案一 湖南湘邮科技股份有限公司关于选举第九届董事会非独立董事候选人的议案;议案二 湖南湘邮科技股份有限公司关于选举第九届董事会独立董事的议案;议案三 湖南湘邮科技股份有限公司关于修订《公司章程》的议案;议案四 湖南湘邮科技股份有限公司关于修订公司部分制度的议案,2025年10月16日,54,45013
145988386_2025-10-10_鼎阳科技2025年第一次临时股东大会会议资料.pdf,深圳市鼎阳科技股份有限公司,鼎阳科技,未找到,2025年第一次临时股东大会会议资料,2025-10-01,临时股东会,2025年第一次临时股东大会会议须知;2025年第一次临时股东大会会议议程;2025年第一次临时股东大会会议议案;议案一 关于取消监事会暨修订《公司章程》的议案;议案二 关于修订、制定公司部分治理制度的议案;议案三 关于董事会换届选举暨提名第三届董事会非独立董事候选人的议案;3.01关于选举秦轲先生为公司第三届董事会非独立董事的议案;3.02关于选举邵海涛先生为公司第三届董事会非独立董事的议案;3.03关于选举赵亚锋先生为公司第三届董事会非独立董事的议案;3.04关于选举马兴望先生为公司第三届董事会非独立董事的议案;3.05关于选举宋民先生为公司第三届董事会非独立董事的议案;议案四 关于董事会换届选举暨提名第三届董事会独立董事候选人的议案;4.01关于选举何业军先生为公司第三届董事会独立董事的议案;4.02关于选举殷瑞祥先生为公司第三届董事会独立董事的议案;4.03关于选举左志刚先生为公司第三届董事会独立董事的议案,2025年10月15日,10,5073
145988465_2025-10-10_华熙生物2025年第一次临时股东会会议资料.pdf,华熙生物科技股份有限公司,华熙生物,688363,2025年第一次临时股东会会议资料,2025-10-27,临时股东会,华熙生物科技股份有限公司2025年第一次临时股东会会议须知;华熙生物科技股份有限公司2025年第一次临时股东会议程;议案一关于续聘公司2025年度审计机构的议案;华熙生物科技股份有限公司拟聘任会计师事务所的基本情况,2025年10月27日,11,4687
145988620_2025-10-10_海南葫芦娃药业集团股份有限公司2025年第二次临时股东大会会议资料.pdf,海南葫芦娃药业集团股份有限公司,葫芦娃药业,未找到,2025年第二次临时股东大会会议资料,2025-10,临时股东会,2025年第二次临时股东大会会议议程;2025年第二次临时股东大会会议须知;议案一：关于取消监事会并修订《公司章程》及其附件的议案;议案二：关于修订《公司独立董事工作制度》的议案;议案三：关于修订《公司重大经营与投资管理制度》的议案;议案四：关于修订《公司融资与对外担保管理制度》的议案;议案五：关于修订《公司关联交易管理办法》的议案;议案六：关于修订《公司董事、高级管理人员薪酬管理制度》的议案;议案七：关于修订《公司会计师事务所选聘制度》的议案;议案八：关于选举第四届董事会非独立董事的议案;议案九：关于选举第四届董事会独立董事的议案,2025年10月17日,18,8442
145989263_2025-10-10_2025年第三次临时股东会会议资料.pdf,东芯半导体股份有限公司,东芯股份,688110,2025年第三次临时股东会会议资料,2025-10-01,临时股东会,东芯半导体股份有限公司2025年第三次临时股东会会议须知;东芯半导体股份有限公司2025年第三次临时股东会议程;议案一：关于公司《2025年限制性股票激励计划（草案）》及其摘要的议案;议案二：关于公司《2025年股票增值权激励计划（草案）》及其摘要的议案;议案三：关于公司《2025年限制性股票、股票增值权激励计划实施考核管理办法》的议案;议案四：关于提请公司股东会授权董事会办理股权激励相关事宜的议案;议案五：关于修订《募集资金使用管理办法》的议案,2025年10月16日,11,6566
145989283_2025-10-10_2025年第一次临时股东大会会议资料.pdf,南京冠石科技股份有限公司,南京冠石科技,未找到,2025年第一次临时股东大会会议资料,2025-10,临时股东会,2025年第一次临时股东大会议程;2025年第一次临时股东大会会议须知;2025年第一次临时股东大会议案;议案一 关于公司符合向特定对象发行股票条件的议案;议案二 关于公司2025年度向特定对象发行股票方案的议案;（一）发行股票的种类和面值;（二）发行方式和时间;（三）发行对象及认购方式;（四）发行价格与定价原则;（五）发行数量;（六）限售期;（七）本次发行的募集资金投向;（八）本次向特定对象发行股票前的滚存未分配利润安排;（九）上市地点;（十）本次发行决议的有效期;议案三 关于公司2025年度向特定对象发行股票方案论证分析报告的议案;议案四 关于公司2025年度向特定对象发行股票预案的议案;议案五 关于公司2025年度向特定对象发行股票募集资金使用可行性分析报告的议案;议案六 关于公司2025年度向特定对象发行股票摊薄即期回报及填补措施和相关主体承诺的议案;议案七 关于公司前次募集资金使用情况报告的议案;议案八 关于公司未来三年（2026-2028年）股东回报规划的议案;议案九 关于提请股东大会授权董事会及其授权人士全权办理向特定对象发行股票具体事宜的议案,2025年10月20日,19,8766
145989486_2025-10-10_2025年第二次临时股东会会议资料.pdf,江苏艾森半导体材料股份有限公司,艾森股份,688720,2025年第二次临时股东会会议资料,2025-10-11,临时股东会,2025年第二次临时股东会会议须知;2025年第二次临时股东会会议议程;2025年第二次临时股东会会议议案;议案一：关于公司《2025年限制性股票激励计划（草案）》及其摘要的议案;议案二：关于公司《2025年限制性股票激励计划实施考核管理办法》的议案;议案三：关于提请股东会授权董事会办理公司2025年限制性股票激励计划有关事宜的议案;议案四：关于公司《2025年员工持股计划（草案）》及其摘要的议案;议案五：关于公司《2025年员工持股计划管理办法》的议案;议案六：关于提请股东会授权董事会办理公司2025年员工持股计划相关事项的议案,2025年10月17日,16,8630
145989487_2025-10-10_无锡祥生医疗科技股份有限公司2025年第二次临时股东会会议资料.pdf,无锡祥生医疗科技股份有限公司,祥生医疗,688358,2025年第二次临时股东会会议资料,2025-10-01,临时股东会,2025年第二次临时股东会会议须知;2025年第二次临时股东会会议议程;2025年第二次临时股东会会议议案;议案一 关于公司《2025年限制性股票激励计划（草案）》及其摘要的议案;议案二 关于公司《2025年限制性股票激励计划实施考核管理办法》的议案;议案三 关于提请公司股东会授权董事会办理股权激励相关事宜的议案,2025年10月17日,9,4703
145989540_2025-10-11_华电新能源集团股份有限公司2025年第二次临时股东大会会议材料.pdf,华电新能源集团股份有限公司,华电新能源集团,未找到,2025年第二次临时股东大会会议材料,2025-10-01,临时股东会,1、2025年第二次临时股东大会会议议程；2、2025年第二次临时股东大会会议议案；议案一 关于修订《华电新能源集团股份有限公司章程》的议案；议案二 关于修订《华电新能源集团股份有限公司股东大会议事规则》的议案；议案三 关于修订《华电新能源集团股份有限公司董事会议事规则》的议案；议案四 关于调整公司独立董事薪酬标准的议案,2025年10月17日,40,22026
145989726_2025-10-12_滨化股份2025年第一次临时股东会会议材料（修订版）.pdf,滨化集团股份有限公司,滨化集团,未找到,2025年第一次临时股东会会议材料（修订版）,2025-10-01,临时股东会,会议议程;会议须知;关于发行H股股票并在香港联合交易所有限公司上市的议案;关于发行H股股票并在香港联合交易所有限公司上市方案的议案;关于公司转为境外募集股份有限公司的议案;关于发行H股股票募集资金使用计划的议案;关于本次发行H股股票并在香港联合交易所有限公司上市决议有效期的议案;关于授权董事会及其授权人士全权处理与本次H股股票发行并上市有关事项的议案;关于发行H股股票并在香港联合交易所有限公司上市前滚存利润分配方案的议案;关于投保董事、高级管理人员及招股说明书责任保险的议案;关于聘请发行H股股票并在香港联合交易所有限公司上市审计机构的议案;关于变更公司注册资本并修订《公司章程》的议案;关于修订《公司章程》及其附件（H股上市后适用）的议案;关于修订公司相关制度的议案;关于选举陈艳女士为独立董事的议案;关于确定公司董事角色的议案,2025年10月16日,26,14214
145989917_2025-10-13_中电科数字技术股份有限公司2025年第三次临时股东会会议资料.pdf,中电科数字技术股份有限公司,中电科数字技术,未找到,2025年第三次临时股东会会议资料,2025-10-22,临时股东会,中电科数字技术股份有限公司2025年第三次临时股东会须知;中电科数字技术股份有限公司2025年第三次临时股东会会议议程;议案一：关于变更会计师事务所的议案,2025年10月22日14:00,8,3589
145989930_2025-10-13_杭华油墨股份有限公司2025年第三次临时股东大会会议资料.pdf,杭华油墨股份有限公司,杭华股份,688571,杭华油墨股份有限公司2025年第三次临时股东大会会议资料,2025-10-20,临时股东会,2025年第三次临时股东大会须知;2025年第三次临时股东大会议程;议案一：关于取消监事会、变更注册资本并修订《公司章程》等治理制度的议案;议案二：关于续聘2025年度会计师事务所的议案,2025年10月20日,9,4249
145989933_2025-10-13_新华文轩2025年第一次临时股东大会会议文件.pdf,新华文轩出版传媒股份有限公司,新华文轩,未找到,2025年第一次临时股东大会会议文件,2025-10-23,临时股东会,2025年第一次临时股东大会会议议程; 关于本公司2025年半年度利润分配建议方案的议案,2025年10月23日上午09:30,3,890
145990044_2025-10-13_万祥科技：2025年第一次临时股东会会议文件.PDF,苏州万祥科技股份有限公司,万祥科技,301180,苏州万祥科技股份有限公司2025年第一次临时股东会会议文件,2025-10-17,临时股东会,2025年第一次临时股东会会议通知;2025年第一次临时股东会会议议程;议案一：关于董事会换届选举暨提名第三届董事会非独立董事候选人的议案;附件1：第三届董事会非独立董事候选人简历;议案二：关于董事会换届选举暨提名第三届董事会独立董事候选人的议案;附件2：第三届董事会独立董事候选人简历;议案三：关于取消监事会、变更公司经营范围并修订《公司章程》的议案;议案四：关于修订《股东会议事规则》的议案;议案五：关于修订《董事会议事规则》的议案;议案六：关于修订《独立董事工作制度》的议案;议案七：关于修订《对外担保管理制度》的议案;议案八：关于修订《对外投资管理制度》的议案;议案九：关于修订《关联交易管理制度》的议案;议案十：关于修订《防范控股股东及其关联方资金占用管理制度》的议案;议案十一：关于修订《信息披露事务管理制度》的议案;议案十二：关于修订《投资者关系管理制度》的议案;议案十三：关于修订《募集资金管理制度》的议案;议案十四：关于修订《内幕信息知情人登记制度》的议案;议案十五：关于终止向不特定对象发行可转换公司债券的议案;议案十六：关于终止部分募集资金投资项目并将剩余募集资金永久补充流动资金的议案,2025年10月17日,96,67659
145990065_2025-10-13_铁科轨道2025年第一次临时股东大会会议资料.pdf,北京铁科首钢轨道技术股份有限公司,铁科轨道,688569,2025年第一次临时股东大会会议资料,2025-10-22,临时股东会,北京铁科首钢轨道技术股份有限公司2025年第一次临时股东大会会议须知;北京铁科首钢轨道技术股份有限公司2025年第一次临时股东大会会议议程;北京铁科首钢轨道技术股份有限公司2025年第一次临时股东大会会议议案;议案一：关于公司与中国铁路财务有限责任公司签订《金融服务协议》暨关联交易的议案;议案二：关于聘任公司2025年度审计机构的议案;议案三：关于取消监事会并修订《公司章程》的议案;议案四：关于修订公司部分治理制度的议案,2025年10月22日14点00分,11,5111
145990212_2025-10-13_安记食品2025年第二次临时股东大会会议资料.pdf,安记食品股份有限公司,安记食品,603696,2025年第二次临时股东大会会议资料,2025-10-28,临时股东会,会议须知;会议议程;会议议案;议案1 关于取消监事会及修订《安记食品股份有限公司章程》的议案;安记食品股份有限公司章程;议案2 关于修订及制定公司相关治理制度的议案,2025年10月28日,126,92314
145990349_2025-10-13_中国第一重型机械股份公司2025年第四次临时股东会会议议案.pdf,中国第一重型机械股份公司,中国一重,601106,2025年第四次临时股东会材料,2025-10-01,临时股东会,中国第一重型机械股份公司2025年第四次临时股东会议程及议案; 一、审议议案; 1.中国第一重型机械股份公司关于取消监事会并修订《公司章程》的议案; 2.中国第一重型机械股份公司关于修订《股东会议事规则》的议案; 3.中国第一重型机械股份公司关于修订《董事会议事规则》的议案; 二、进行表决; 三、宣读决议; 四、宣读见证意见; 五、签署会议决议及会议记录,2025年10月30日,6,1713
145990359_2025-10-13_云天化2025年第七次临时股东会会议资料.pdf,云南云天化股份有限公司,云天化,未找到,2025年第七次临时股东会会议资料,2025-10-17,临时股东会,会议议程;议案一 关于续聘会计师事务所的议案;议案二 关于向参股公司提供财务资助的议案,未找到,12,5313
145990501_2025-10-13_中国巨石股份有限公司2025年第四次临时股东会会议材料.pdf,中国巨石股份有限公司,中国巨石,未找到,2025年第四次临时股东会会议材料,2025-10-21,临时股东会,一、《关于以集中竞价交易方式回购公司股份方案的议案》,未找到,10,4178
145990699_2025-10-13_合肥井松智能科技股份有限公司2025年第三次临时股东会会议资料.pdf,合肥井松智能科技股份有限公司,井松智能,688251,2025年第三次临时股东会会议资料,2025-10-27,临时股东会,2025年第三次临时股东会会议须知;2025年第三次临时股东会会议议程;2025年第三次临时股东会会议资料;议案一:《关于变更公司注册资本暨修改<公司章程>的议案》,2025年10月27日,8,3155
145990745_2025-10-13_安彩高科2025年第二次临时股东大会会议材料.pdf,河南安彩高科股份有限公司,安彩高科,未找到,2025年第二次临时股东大会会议材料,2025-10-01,临时股东会,河南安彩高科股份有限公司2025年第二次临时股东大会会议议程;议案一、关于取消监事会、修订《公司章程》及其附件的议案;议案二、关于修订独立董事工作制度的议案;议案三、关于修订累积投票制实施细则的议案;议案四、关于修订关联交易管理制度的议案;议案五、关于修订董事、高级管理人员薪酬及绩效管理办法的议案;议案六、关于变更会计师事务所的议案,2025年10月30日,12,5553
145990905_2025-10-13_福建实达集团股份有限公司2025年第三次临时股东会会议材料.pdf,福建实达集团股份有限公司,福建实达集团,未找到,2025年第三次临时股东会会议议程,2025-10-13,临时股东会,2025年第三次临时股东会会议议程; 一、全体与会股东或股东代表、列席会议的董事、监事、高管签到；; 二、由见证律师确认与会人员资格；; 三、宣布会议开始；; 四、宣读本次股东会相关议案：; 1、关于制定《福建实达集团股份有限公司选聘会计师事务所管理办法》的议案。; 五、股东或股东代表进行讨论；; 六、报告现场出席会议的股东代表情况；; 七、现场与会股东与股东代表投票表决议案；; 八、休会，统计现场表决结果；; 九、网络投票结果产生后宣布本次股东会现场投票和网络投票合并后的表决结果；; 十、见证律师确认总表决结果，出具法律意见书；; 十一、通过会议决议，签署会议决议等相关文件；; 十二、宣布会议结束。,2025年10月30日,10,4977
145991337_2025-10-13_龙源电力：H股-2025第一次临时股东大会委任代表表格（H股股东适用）.PDF,龙源电力集团股份有限公司,龙源电力,00916,2025第一次临时股东大会委任代表表格（H股股东适用）,未找到,临时股东会,1、审议及批准修订《公司章程》及配套制度；2、审议及批准选举本公司第六届董事会非独立董事：2.1 选举宫宇飞先生为本公司第六届董事会执行董事；2.2 选举王利强先生为本公司第六届董事会执行董事；2.3 选举王雪莲女士为本公司第六届董事会非执行董事；2.4 选举张彤先生为本公司第六届董事会非执行董事；2.5 选举王永先生为本公司第六届董事会非执行董事；3、审议及批准选举本公司第六届董事会独立非执行董事：3.1 选举魏明德先生为本公司第六届董事会独立非执行董事；3.2 选举高德步先生为本公司第六届董事会独立非执行董事；3.3 选举赵峰女士为本公司第六届董事会独立非执行董事；4、审议及批准取消监事会；5、审议及批准2025年中期利润分配方案；6、审议及批准本公司购买董事和高级管理人员责任险,2025-10-29,2,2132
145991360_2025-10-13_中远海控2025年第一次临时股东大会会议资料.pdf,中远海运控股股份有限公司,中远海控,未找到,中远海运控股股份有限公司二〇二五年第一次临时股东会会议资料,2025-10-31,临时股东会,一、会议时间、地点、审议事项;二、会议须知;三、会议资料;1、关于与中远海运集团财务有限责任公司签署2026年-2028年《金融服务总协议》并批准协议上限金额的议案;2、关于与中国远洋海运集团有限公司签署2026年-2028年持续性关联交易协议并批准协议上限金额的议案;3、关于与上海国际港务（集团）股份有限公司签署2026年-2028年持续性关联交易协议并批准协议上限金额的议案,2025年10月31日,11,4635
145991672_2025-10-13_希荻微2025年第三次临时股东大会会议资料.pdf,希荻微电子集团股份有限公司,希荻微,未找到,2025年第三次临时股东大会会议资料,2025-10-31,临时股东会,2025年第三次临时股东大会会议须知;2025年第三次临时股东大会会议议程;2025年第三次临时股东大会会议议案;议案一 关于续聘立信会计师事务所（特殊普通合伙）为2025年度审计机构的议案;议案二 关于取消监事会、变更注册资本、修订<公司章程>并办理工商变更登记的议案;议案三 关于修订、废止公司部分治理制度的议案;3.01 关于修订公司<股东会议事规则>的议案;3.02 关于修订公司<董事会议事规则>的议案;3.03 关于修订公司<独立董事工作制度>的议案;3.04 关于修订公司<对外担保管理制度>的议案;3.05 关于修订公司<对外投资管理制度>的议案;3.06 关于修订公司<关联交易管理制度>的议案;3.07 关于修订公司<募集资金管理制度>的议案;3.08 关于修订公司<董事及高级管理人员薪酬管理制度>的议案;3.09 关于修订公司<防范控股股东、实际控制人及关联方资金占用制度>的议案,2025年10月31日,13,7150
145992317_2025-10-14_金开新能2025年第三次临时股东会会议资料.pdf,金开新能源股份有限公司,金开新能,600821,金开新能源股份有限公司2025年第三次临时股东会会议资料,2025-10-01,临时股东会,会议须知;会议议程;会议议案;议案一：关于2025年上半年度利润分配方案的议案,2025年10月20日14:30,6,1779
145992403_2025-10-14_2025年第三次临时股东会会议资料.pdf,上海司南导航技术股份有限公司,司南导航,688592,2025年第三次临时股东会会议资料,2025-10-20,临时股东会,2025年第三次临时股东会会议须知;2025年第三次临时股东会会议议程;议案1 关于续聘会计师事务所的议案,2025年10月20日,13,5858
145992437_2025-10-14_大业股份2025年第二次临时股东大会会议资料.pdf,山东大业股份有限公司,山东大业,未找到,2025年第二次临时股东大会会议资料,2025-10-01,临时股东会,2025年第二次临时股东大会大会会议议程;2025年第二次临时股东大会大会会议须知;2025年第二次临时股东大会大会投票表决办法;议案一：《关于取消监事会并修订<山东大业股份有限公司章程>的议案》;议案二：《关于修订<山东大业股份有限公司股东会议事规则>的议案》;议案三：《关于修订<山东大业股份有限公司董事会议事规则>的议案》;议案四：《关于修订<山东大业股份有限公司独立董事工作制度>的议案》;议案五：《关于修订<山东大业股份有限公司关联交易管理制度>的议案》;议案六：《关于修订<山东大业股份有限公司对外担保管理制度>的议案》;议案七：《关于修订<山东大业股份有限公司募集资金管理办法>的议案》;议案八：《关于修订<山东大业股份有限公司对外投资管理制度>的议案》;议案九：《关于制定<山东大业股份有限公司会计师事务所选聘制度>的议案》;议案十：《关于制定<山东大业股份有限公司累积投票制实施细则>的议案》;议案十一：《关于制定<山东大业股份有限公司董事、高级管理人员薪酬管理制度>的议案》,2025年10月27日,18,7307
145992481_2025-10-14_北京神舟航天软件技术股份有限公司2025年第五次临时股东大会会议资料.pdf,北京神舟航天软件技术股份有限公司,航天软件,未找到,2025年第五次临时股东大会会议资料,2025-11-04,临时股东会,2025年第五次临时股东大会会议须知;2025年第五次临时股东大会会议议程;议案一《关于取消监事会并修订<公司章程>的议案》;议案二《关于修订<股东大会议事规则>的议案》;议案三《关于修订<董事会议事规则>的议案》,2025年11月4日15时00分,102,52838
145992629_2025-10-14_2025年第二次临时股东大会会议资料.pdf,浙江新中港热电股份有限公司,新中港,未找到,2025年第二次临时股东大会会议资料,2025-10-27,临时股东会,2025年第二次临时股东大会会议须知;2025年第二次临时股东大会会议议程;议案一：关于取消监事会、变更注册资本、增加经营范围、修订<公司章程>并办理工商变更的议案;议案二：关于修订部分治理制度的议案;议案三：关于续聘会计师事务所的议案,2025年10月27日,10,4603
145992931_2025-10-14_龙岩卓越新能源股份有限公司2025年第一次临时股东大会会议资料.pdf,龙岩卓越新能源股份有限公司,卓越新能,688196,2025年第一次临时股东大会会议资料,2025-10-01,临时股东会,2025年第一次临时股东大会会议须知;2025年第一次临时股东大会会议议程;2025年第一次临时股东大会会议议案;议案一：关于续聘会计师事务所的议案;议案二：关于修订《公司章程》的议案;议案三：关于修订部分公司治理制度的议案;附件一：《公司章程》修订对照表,2025年10月27日,48,42060
145992957_2025-10-14_2025年第四次临时股东会会议资料.pdf,北京阳光诺和药物研究股份有限公司,阳光诺和,688621,2025年第四次临时股东会会议资料,2025-10-15,临时股东会,2025年第四次临时股东会会议须知;2025年第四次临时股东会会议议程;议案一：关于公司符合发行股份及可转换公司债券购买资产并募集配套资金暨关联交易条件的议案;议案二：关于公司发行股份及可转换公司债券购买资产并募集配套资金暨关联交易方案的议案;议案三：关于《阳光诺和发行股份及可转换公司债券购买资产并募集资金暨关联交易报告书（草案）》及其摘要的议案;议案四：关于本次交易构成关联交易的议案;议案五：关于本次交易构成重大资产重组但不构成重组上市的议案;议案六：关于本次交易符合《上市公司重大资产重组管理办法》第十一条、第四十三条和第四十四条规定的议案;议案七：关于本次交易符合《上市规则》第11.2条规定、《持续监管办法》第二十条及《重组审核规则》第八条的议案;议案八：关于本次交易不存在依据《上交所自律监管指引第6号》第三十条或《上交所监管指引第7号》第十二条情形的议案;议案九：关于本次交易符合《上市公司监管指引第9号》第四条规定的议案;议案十：关于本次交易符合《上市公司向特定对象发行可转换公司债券购买资产规则》第四条规定的议案;议案十一：关于本次交易符合《上市公司证券发行注册管理办法》第十一条、第十三条和第十四条规定的议案;议案十二：关于签署附条件生效的《发行股份及可转换公司债券购买资产协议》的议案;议案十三：关于签署附条件生效的《发行股份及可转换公司债券购买资产之业绩补偿协议》的议案;议案十四：关于公司本次交易前十二个月内购买、出售资产情况的说明的议案;议案十五：关于本次交易信息公布前公司股票价格波动情况的议案;议案十六：关于本次交易采取的保密措施及保密制度的议案;议案十七：关于本次交易履行法定程序的完备性、合规性及提交法律文件的有效性的议案;议案十八：关于本次交易相关的审计报告、备考审阅报告和资产评估报告的议案;议案十九：关于本次交易定价的依据及公平合理性说明的议案;议案二十：关于本次交易评估机构的独立性、评估假设前提合理性、评估方法与目的的相关性及评估定价的公允性的议案;议案二十一：关于本次交易是否存在直接或间接有偿聘请其他第三方机构或个人的议案;议案二十二：关于公司本次交易摊薄即期回报情况及填补措施的议案;议案二十三：关于公司前次募集资金使用情况的专项报告的议案;议案二十四：关于制定《可转换公司债券持有人会议规则》的议案;议案二十五：关于提请股东会授权董事会全权办理本次交易相关事宜的议案,2025年10月23日,96,63753
145993192_2025-10-14_2025年第二次临时股东大会会议资料.pdf,海南天然橡胶产业集团股份有限公司,海南橡胶,601118,海南天然橡胶产业集团股份有限公司2025年第二次临时股东大会会议资料,2025-10-29,临时股东会,一、股东大会参会须知;二、现场会议议程;三、本次股东大会审议事项;关于取消监事会并修订《公司章程》的议案;关于修订《股东大会议事规则》的议案;关于修订《董事会议事规则》的议案;关于续聘会计师事务所的议案;关于选举董事的议案,2025年10月29日下午15:00开始,46,38973
145993208_2025-10-14_申万宏源：2025年第一次临时股东大会材料.PDF,申万宏源集团股份有限公司,申万宏源,未找到,2025年第一次临时股东大会,2025-10-31,临时股东会,会议议程;议案表决办法;议案一：关于修订《申万宏源集团股份有限公司章程》的议案;附件1：《公司章程》修订说明;附件2：《公司章程》修订条款对照表;附件3：公司章程（修订稿）;议案二：关于修订《申万宏源集团股份有限公司股东大会议事规则》的议案;附件1：《股东大会议事规则》修订说明;附件2：《股东大会议事规则》修订条款对照表;附件3：股东会议事规则（修订稿）;议案三：关于修订《申万宏源集团股份有限公司董事会议事规则》的议案;附件1：《董事会议事规则》修订说明;附件2：《董事会议事规则》修订条款对照表;附件3：董事会议事规则（修订稿）;议案四：关于申万宏源集团股份有限公司不再设置监事会的议案;议案五：关于修订《申万宏源集团股份有限公司独立非执行董事制度》的议案;附件1：《独立非执行董事制度》修订说明;附件2：《独立非执行董事制度》修订条款对照表;附件3：独立非执行董事制度（修订稿）;议案六：关于修订《申万宏源集团股份公司关联交易管理制度》的议案;附件1：《关联交易管理制度》修订说明;附件2：《关联交易管理制度》修订条款对照表;附件3：关联交易管理制度（修订稿）;议案七：关于修订《申万宏源集团股份有限公司对外担保管理制度》的议案;附件1：《对外担保管理制度》修订说明;附件2：《对外担保管理制度》修订条款对照表;附件3：对外担保管理制度（修订稿）;议案八：关于修订《申万宏源集团股份有限公司募集资金管理制度》的议案;附件1：《募集资金管理制度》修订说明;附件2：《募集资金管理制度》修订条款对照表;附件3：募集资金管理制度（修订稿）;议案九：关于修订《申万宏源集团股份有限公司股东大会对董事会授权方案》的议案;附件1：《股东大会对董事会授权方案》修订条款对照表;附件2：股东大会对董事会授权方案（修订稿）;议案十：关于公司2025年中期利润分配方案的议案,未找到,422,269986
145993359_2025-10-14_海航控股：2025年第四次临时股东大会会议材料.pdf,海南航空控股股份有限公司,海南航空控股,未找到,2025年第四次临时股东大会会议材料,2025-10-20,临时股东会,1.关于放弃参股公司股权优先购买权暨关联交易的议案；2.关于调整2025年度日常生产性关联交易预计金额的议案,未找到,20,11335
145993368_2025-10-14_海航控股：2025年第四次临时股东大会会议材料.pdf,海南航空控股股份有限公司,海南航空控股,未找到,2025年第四次临时股东大会会议材料,2025-10-20,临时股东会,1.关于放弃参股公司股权优先购买权暨关联交易的议案;2.关于调整2025年度日常生产性关联交易预计金额的议案,未找到,20,11335
145993406_2025-10-14_中国动力2025年第二次临时股东会材料.pdf,中国船舶重工集团动力股份有限公司,中国动力,未找到,2025年第二次临时股东会会议材料,2025-10-30,临时股东会,《关于公司2025年半年度利润分配预案的议案》;《关于选聘公司2025年度财务报表及内部控制审计机构的议案》,2025年10月30日,9,4248
145993498_2025-10-14_大唐发电2025年第二次临时股东会会议资料.pdf,大唐国际发电股份有限公司,大唐国际,未找到,大唐国际发电股份有限公司2025年第二次临时股东会会议资料,2025-10-28,临时股东会,会议议程;1.关于2025年中期分红的议案;2.关于第十二届董事会董事津贴标准的议案;3.关于与中国大唐集团财务有限公司签订金融服务协议的议案;4.关于选举公司董事的议案,2025年10月28日,12,5211
145993574_2025-10-14_浪潮软件2025年第二次临时股东大会会议材料.pdf,浪潮软件股份有限公司,浪潮软件,未找到,2025年第二次临时股东大会会议材料,2025-10-30,临时股东会,2025年第二次临时股东大会会议议程;2025年第二次临时股东大会会议须知;议案一 关于取消监事会并修订《公司章程》的议案;议案二 关于修订《股东大会议事规则》的议案;议案三 关于修订《董事会议事规则》的议案;议案四 关于续聘2025年度财务审计机构、2025年度内部控制审计机构的议案,2025年10月30日,7,2892
145993928_2025-10-14_2025年第一次临时股东会会议材料.pdf,上海派能能源科技股份有限公司,派能科技,未找到,2025年第一次临时股东会会议材料,2025-10-24,临时股东会,上海派能能源科技股份有限公司2025年第一次临时股东会会议须知;上海派能能源科技股份有限公司2025年第一次临时股东会会议议程;议案一：关于取消监事会、增加董事会人数、修订《公司章程》的议案;议案二：关于修订公司部分管理制度的议案;议案三：关于部分募投项目延期及调整部分募投项目拟投入募集资金金额、内部投资结构并投入新项目的议案;议案四：关于董事会换届选举第四届董事会非独立董事的议案;附件：第四届董事会非独立董事（不含职工代表董事）候选人简历;议案五：关于董事会换届选举第四届董事会独立董事的议案;附件：第四届董事会独立董事候选人简历,2025年10月24日14点30分,30,19869
145994113_2025-10-14_凤凰航运：凤凰航运2025年第二次临时股东大会会议案材料.PDF,凤凰航运（武汉）股份有限公司,凤凰航运（武汉）,未找到,2025年第二次临时股东大会,2025-10-30,临时股东会,2025年第二次临时股东大会议程;议案一 关于修订<公司章程>的议案;议案二 关于制定、修订、废止公司部分制度的议案;议案三 关于向关联方申请借款暨关联交易的议案;议案四 关于计划购置干散货船舶的议案,2025年10月30日,8,3892
145994319_2025-10-12_滨化股份2025年第一次临时股东会会议材料（修订版）.pdf,滨化集团股份有限公司,滨化集团,未找到,2025年第一次临时股东会会议材料（修订版）,2025-10-01,临时股东会,会议议程;会议须知;关于发行H股股票并在香港联合交易所有限公司上市的议案;关于发行H股股票并在香港联合交易所有限公司上市方案的议案;关于公司转为境外募集股份有限公司的议案;关于发行H股股票募集资金使用计划的议案;关于本次发行H股股票并在香港联合交易所有限公司上市决议有效期的议案;关于授权董事会及其授权人士全权处理与本次H股股票发行并上市有关事项的议案;关于发行H股股票并在香港联合交易所有限公司上市前滚存利润分配方案的议案;关于投保董事、高级管理人员及招股说明书责任保险的议案;关于聘请发行H股股票并在香港联合交易所有限公司上市审计机构的议案;关于变更公司注册资本并修订《公司章程》的议案;关于修订《公司章程》及其附件（H股上市后适用）的议案;关于修订公司相关制度的议案;关于选举陈艳女士为独立董事的议案;关于确定公司董事角色的议案,2025年10月16日,26,14214
145994322_2025-10-14_龙岩卓越新能源股份有限公司2025年第一次临时股东大会会议资料.pdf,龙岩卓越新能源股份有限公司,卓越新能,688196,2025年第一次临时股东大会会议资料,2025-10,临时股东会,2025年第一次临时股东大会会议须知;2025年第一次临时股东大会会议议程;2025年第一次临时股东大会会议议案;议案一：关于续聘会计师事务所的议案;议案二：关于修订《公司章程》的议案;议案三：关于修订部分公司治理制度的议案;附件一：《公司章程》修订对照表,2025年10月27日14点0分,48,42060
145994327_2025-10-14_2025年第二次临时股东大会会议资料.pdf,浙江新中港热电股份有限公司,浙江新中港热电,未找到,2025年第二次临时股东大会会议资料,2025-10-27,临时股东会,2025年第二次临时股东大会会议须知;2025年第二次临时股东大会会议议程;议案一：关于取消监事会、变更注册资本、增加经营范围、修订<公司章程>并办理工商变更的议案;议案二：关于修订部分治理制度的议案;议案三：关于续聘会计师事务所的议案,2025年10月27日,10,4602
145994376_2025-10-15_2025年第二次临时股东会会议资料.pdf,江苏康为世纪生物科技股份有限公司,江苏康为世纪生物科技,未找到,2025年第二次临时股东会会议资料,2025-10-29,临时股东会,2025年第二次临时股东会会议须知;2025年第二次临时股东会会议议程;2025年第二次临时股东会会议议案;议案一《关于续聘公司2025年度财务审计机构及内控审计机构的议案》,2025年10月29日,6,3351
145994384_2025-10-15_2025年第一次临时股东大会会议资料.pdf,上海新致软件股份有限公司,新致软件,未找到,2025年第一次临时股东大会会议资料,2025-10-21,临时股东会,股东大会须知; 股东大会议程; 议案一：关于延长公司2024年度向特定对象发行A股股票股东大会决议有效期的议案; 议案二：关于提请股东大会延长授权董事会全权办理公司本次2024年度向特定对象发行A股股票相关事宜有效期的议案,2025年10月21日,8,3993
145994697_2025-10-15_江西铜业股份有限公司2025年第一次临时股东大会、2025年第一次A股类别股东大会、2025年第一次H股类别股东大会会议资料.pdf,江西铜业股份有限公司,江西铜业,未找到,江西铜业股份有限公司2025年第一次临时股东大会会议资料,未找到,临时股东会,会议议程;1.宣布现场会议开始;2.介绍现场会议出列席情况;3.宣读现场会议议程;4.宣读现场会议须知;5.宣读议案;（一）特别决议案;1.审议《关于修订<江西铜业股份有限公司章程>的议案》;2.审议《江西铜业股份有限公司关于取消监事会的议案》;3.审议《关于修订<江西铜业股份有限公司股东会议事规则>的议案》;（二）普通决议案;4.审议《关于修订<江西铜业股份有限公司董事会议事规则>的议案》;5.审议《关于修订<江西铜业股份有限公司独立董事工作制度>的议案》;6.审议《关于修订<江西铜业股份有限公司关联交易管理办法>的议案》;7.审议《关于修订<江西铜业股份有限公司募集资金使用管理办法>的议案》;8.审议《江西铜业股份有限公司关于2025年半年度利润分配方案的议案》;9.审议《江西铜业股份有限公司关于选举刘志宏先生为公司独立非执行董事的议案》;6.股东讨论审议议案;7.通过现场会议计票人和监票人名单;8.现场参会股东进行书面表决投票;9.休会、统计表决结果;10.宣布表决结果及决议草案;11.宣读法律意见书;12.宣布会议结束;会议信息;1.会议召开方式：现场投票和网络投票相结合;2.现场会议召开日期及时间：2025年10月28日14点30分;3.网络投票日期及时间：2025年10月28日，采用上海证券交易所网络投票系统，通过交易系统投票平台的投票时间为股东大会召开当日的交易时间段，即9:15-9:25，9:30-11:30，13:00-15:00；通过互联网投票平台的投票时间为股东大会召开当日的9:15-15:00;4.现场会议召开地点：江西省南昌市高新区昌东大道7666号江铜国际广场公司会议室;5.见证律师：北京德恒律师事务所律师;议案一 关于修订《江西铜业股份有限公司章程》的议案,2025年10月28日,135,96266
145994755_2025-10-15_2025年第一次临时股东会会议资料.pdf,上海至纯洁净系统科技股份有限公司,上海至纯洁净系统科技,未找到,2025年第一次临时股东会会议资料,2025-10-01,临时股东会,会议议程;会议须知;议案一：关于拟发行短期融资券的议案,2025-10-31,6,2462
145994921_2025-10-15_中国银河：2025年第二次临时股东大会会议资料.pdf,中国银河证券股份有限公司,中国银河证券,未找到,2025年第二次临时股东大会会议资料,2025-10-31,临时股东会,1、2025年第二次临时股东大会议程；2、关于提请审议修订《公司章程》的议案；3、关于不再设置公司监事会的议案；4、关于提请审议修订《股东大会议事规则》的议案；5、关于提请审议修订《董事会议事规则》的议案；6、关于提请审议《中国银河证券股份有限公司2025年中期利润分配方案》的议案；7、关于中国银河证券股份有限公司2025年度公司资本性支出预算的议案；8、附件1：《中国银河证券股份有限公司章程》修订对比表；9、附件2：《中国银河证券股份有限公司股东大会议事规则》修订对比表；10、附件3：《中国银河证券股份有限公司董事会议事规则》修订对比表,2025年10月31日,141,122108
145995180_2025-10-15_中金公司2025年第一次临时股东大会会议资料.pdf,中国国际金融股份有限公司,中金公司,未找到,中国国际金融股份有限公司2025年第一次临时股东大会会议资料,2025-10,临时股东会,会议须知;会议议程;议题一：关于不再设立监事会并修订《公司章程》的议案;议题二：关于修订《股东大会议事规则》并更名的议案;议题三：关于修订《董事会议事规则》的议案;议题四：关于选举执行董事并确定其报酬的议案;议题五：关于2025年中期利润分配方案的议案;附件一:《中国国际金融股份有限公司章程》修订对比表,未找到,86,83864
145995805_2025-10-15_中泰证券股份有限公司2025年第二次临时股东会会议材料.pdf,中泰证券股份有限公司,中泰证券,未找到,中泰证券股份有限公司2025年第二次临时股东会会议材料,2025-10,临时股东会,公司2025年第二次临时股东会会议议程;公司2025年第二次临时股东会会议须知;议案1：关于修订《公司章程》及相关附件的议案;议案2：关于修订《公司独立董事工作细则》的议案;议案3：关于修订《公司对外担保管理办法》的议案;议案4：关于修订《公司募集资金管理办法》的议案;议案5：关于续聘容诚会计师事务所（特殊普通合伙）为公司2025年度审计机构的议案;议案6：关于公司控股子公司中泰期货股份有限公司签署日常关联交易框架协议的议案,2025年10月31日,134,108144
145996107_2025-10-15_2025年第三次临时股东大会会议材料.pdf,重庆涪陵电力实业股份有限公司,重庆涪陵电力实业,未找到,重庆涪陵电力实业股份有限公司2025年第三次临时股东大会会议材料,2025-10-23,临时股东会,会议议程;一、审议议案;（一）关于取消监事会及其议事规则的议案;（二）关于修订《公司章程》的议案;（三）关于修订、新增以及废止部分公司治理制度的议案;（四）关于选举第九届董事会非独立董事的议案;1. 选举马文海先生为公司第九届董事会非独立董事;2. 选举蔡彬先生为公司第九届董事会非独立董事;3. 选举王永婷女士为公司第九届董事会非独立董事;4. 选举熊长寿先生为公司第九届董事会非独立董事;5. 选举刘薇女士为公司第九届董事会非独立董事;（五）关于选举第九届董事会独立董事的议案;1.选举刘斌先生为公司第九届董事会独立董事;2.选举曹兴权先生为公司第九届董事会独立董事;3.选举刘伟先生为公司第九届董事会独立董事;（六）关于确定第九届董事会独立董事津贴标准的议案;二、议案表决;三、律师发表现场股东大会见证意见,未找到,11,4393
145996501_2025-10-16_2025年第三次临时股东会会议资料.pdf,北京屹唐半导体科技股份有限公司,屹唐股份,688729,2025年第三次临时股东会会议资料,2025-10,临时股东会,2025年第三次临时股东会会议须知;2025年第三次临时股东会议程;2025年第三次临时股东会议案;议案一：关于变更公司注册资本、公司类型及修订《公司章程》并办理工商变更登记的议案;议案二：关于续聘2025年度审计机构的议案,2025年10月27日,9,4255
145996529_2025-10-16_珀莱雅化妆品股份有限公司2025年第二次临时股东会会议资料.pdf,珀莱雅化妆品股份有限公司,珀莱雅,未找到,珀莱雅化妆品股份有限公司2025年第二次临时股东会会议资料,2025-10,临时股东会,珀莱雅化妆品股份有限公司2025年第二次临时股东会会议须知;珀莱雅化妆品股份有限公司2025年第二次临时股东会议程;珀莱雅2025年第二次临时股东会议案一 关于公司发行H股股票并在香港联合交易所有限公司上市的议案;珀莱雅2025年第二次临时股东会议案二 关于公司发行H股股票并在香港联合交易所有限公司上市方案的议案;珀莱雅2025年第二次临时股东会议案三 关于公司转为境外募集股份有限公司的议案;珀莱雅2025年第二次临时股东会议案四 关于提请股东会授权董事会及/或董事会授权人士全权处理与本次境外公开发行H股并上市有关事项的议案;珀莱雅2025年第二次临时股东会议案五 关于公司发行H股股票募集资金使用计划的议案;珀莱雅2025年第二次临时股东会议案六 关于公司发行H股股票并上市决议有效期的议案;珀莱雅2025年第二次临时股东会议案七 关于公司发行H股股票之前滚存利润分配方案的议案;珀莱雅2025年第二次临时股东会议案八 关于确定公司董事角色的议案;珀莱雅2025年第二次临时股东会议案九 关于投保董事、高级管理人员及招股说明书责任保险的议案;珀莱雅2025年第二次临时股东会议案十 关于修订公司发行H股股票并上市后适用的《公司章程（草案）》及相关议事规则的议案;珀莱雅2025年第二次临时股东会议案十一 关于制定及修订公司发行H股股票并上市后适用的公司内部治理制度的议案;珀莱雅2025年第二次临时股东会议案十二 关于聘请公司发行H股股票并上市的审计机构的议案,2025年10月27日,24,13700
145996530_2025-10-16_2025年第一次临时股东大会会议资料.pdf,宁波天龙电子股份有限公司,宁波天龙电子,未找到,2025年第一次临时股东大会会议资料,2025-10-24,临时股东会,一、2025年第一次临时股东大会会议议程;二、2025年第一次临时股东大会会议须知;三、2025年第一次临时股东大会议案;议案一、关于取消监事会并修订《公司章程》的议案;议案二、关于修订部分公司制度的议案,2025年10月24日,67,52764
145996533_2025-10-16_南京万德斯环保科技股份有限公司2025年第三次临时股东大会会议资料.pdf,南京万德斯环保科技股份有限公司,万德斯,688178,南京万德斯环保科技股份有限公司2025年第三次临时股东大会会议资料,2025-10-28,临时股东会,2025年第三次临时股东大会会议须知;2025年第三次临时股东大会会议议程;2025年第三次临时股东大会会议议案;议案1：关于变更经营范围、取消公司监事会并修订《公司章程》的议案;议案2：关于修订、废止公司部分治理制度的议案,2025年10月28日,10,4822
145996544_2025-10-16_东风电子科技股份有限公司2025年第一次临时股东大会会议资料.pdf,东风电子科技股份有限公司,东风科技,未找到,2025年第一次临时股东大会资料,2025-10,临时股东会,议案一：关于聘请公司2025年度会计师事务所的议案；议案二：关于公司下属公司处置固定资产及应收账款坏账核销的议案；议案三：关于公司2025年向东风汽车财务有限公司追加授信额度的议案；议案四：关于公司与东风汽车财务有限公司续签《金融服务框架协议》暨关联交易的议案；议案五：关于撤销公司监事会的议案；议案六：关于修订《公司章程》及其附件的议案,2025年10月27日14:30,21,12440
145996717_2025-10-16_龙建路桥股份有限公司2025年第二次临时股东大会资料.pdf,龙建路桥股份有限公司,龙建路桥,未找到,2025年第二次临时股东大会资料,2025-10,临时股东会,2025年第二次临时股东大会议程安排;议案1 关于取消监事会并修订《龙建路桥股份有限公司章程》的议案;议案2 关于修订《龙建路桥股份有限公司股东会议事规则》的议案;议案3 关于修订《龙建路桥股份有限公司董事会议事规则》的议案;议案4 关于修订《龙建路桥股份有限公司独立董事工作制度》的议案;议案5.00 关于选举董事的议案;议案5.01 关于增补王艳秋为公司非独立董事的议案,2025.10.27 14:50,113,72089
145996781_2025-10-16_豪森智能2025年第一次临时股东大会会议资料.pdf,大连豪森智能制造股份有限公司,大连豪森智能制造,未找到,2025年第一次临时股东大会会议资料,2025-10-01,临时股东会,大连豪森智能制造股份有限公司2025年第一次临时股东大会会议须知;大连豪森智能制造股份有限公司2025年第一次临时股东大会议程;大连豪森智能制造股份有限公司2025年第一次临时股东大会议案;议案一：关于取消监事会、修订<公司章程>的议案;议案二：关于修订公司部分治理制度的议案;议案三：关于董事会换届选举第三届董事会非独立董事的议案;议案四：关于董事会换届选举第三届董事会独立董事的议案,2025年10月27日,12,5454
145997147_2025-10-16_中国神华2025年第二次临时股东会会议资料.pdf,中国神华能源股份有限公司,中国神华,601088,2025年第二次临时股东会会议资料,2025-09-30,临时股东会,一、会议通知;二、2025年第二次临时股东会议程;三、2025年第二次临时股东会议案;议案一 关于中国神华能源股份有限公司2025年中期利润分配的议案;议案二 关于授予董事会发行股份一般性授权的议案,2025年10月24日,17,7101
145997245_2025-10-16_2025年第二次临时股东大会会议资料.pdf,能科科技股份有限公司,能科科技,未找到,2025年第二次临时股东大会会议资料,2025-10-01,临时股东会,2025年第二次临时股东大会会议须知;2025年第二次临时股东大会会议议程;2025年第二次临时股东大会会议议案;议案一 关于公司符合向特定对象发行A股股票条件的议案;议案二 关于公司2025年度向特定对象发行A股股票方案的议案;议案三 关于公司2025年度向特定对象发行A股股票预案的议案;议案四 关于公司2025年度向特定对象发行A股股票方案论证分析报告的议案;议案五 关于公司2025年度向特定对象发行A股股票募集资金使用可行性分析报告的议案;议案六 关于公司与特定对象签订附条件生效的股份认购协议暨关联交易的议案;议案七 关于公司前次募集资金使用情况报告的议案;议案八 关于公司向特定对象发行股票摊薄即期回报与采取填补措施及相关主体承诺的议案;议案九 关于公司《未来三年（2025年-2027年）股东回报规划》的议案;议案十 关于提请股东大会授权董事会及其授权人士全权办理本次向特定对象发行A股股票相关事宜的议案,2025年10月27日,22,10110
145998099_2025-10-17_新华医疗2025年第一次临时股东大会资料.pdf,山东新华医疗器械股份有限公司,新华医疗,未找到,2025年第一次临时股东大会资料,2025-10-10,临时股东会,2025年第一次临时股东大会会议议程; 关于取消监事会、修订《公司章程》的议案; 关于修订公司部分管理制度的议案; 关于补选公司第十一届董事会独立董事的议案,2025年10月28日,5,2094
145998102_2025-10-17_东浩兰生会展集团股份有限公司2025年第二次临时股东会资料.pdf,东浩兰生会展集团股份有限公司,东浩兰生会展集团,未找到,2025年第二次临时股东会文件,2025-10-27,临时股东会,1、2025年第二次临时股东会议程;2、议案一：关于补选公司第十一届董事会董事的议案,2025年10月27日,5,986
145998181_2025-10-17_腾景科技2025年第一次临时股东大会资料.pdf,腾景科技股份有限公司,腾景科技,688195,2025年第一次临时股东大会会议资料,2025-10-24,临时股东会,股东大会会议须知;股东大会会议议程;议案一：关于《2025年员工持股计划（草案）》及其摘要的议案;议案二：关于《2025年员工持股计划管理办法》的议案;议案三：关于提请股东大会授权董事会办理2025年员工持股计划相关事宜的议案;议案四：关于增加2025年度向金融机构申请授信额度的议案;议案五：关于为控股子公司提供担保的议案;议案六：关于取消监事会、修订《公司章程》暨修订、制定及废止公司部分治理制度的议案;议案七：关于选举第三届董事会非独立董事的议案;议案八：关于选举第三届董事会独立董事的议案,2025年10月24日,25,13290
145998187_2025-10-17_迈得医疗工业设备股份有限公司2025年第一次临时股东大会会议资料.pdf,迈得医疗工业设备股份有限公司,迈得医疗,688310,2025年第一次临时股东大会会议资料,2025-10-30,临时股东会,2025年第一次临时股东大会会议须知;2025年第一次临时股东大会会议议程;2025年第一次临时股东大会会议议案;议案一：关于取消监事会、调整董事会人数、修订《公司章程》并办理工商变更登记的议案;议案二：关于修订及制定公司部分治理制度的议案,2025年10月30日,10,5205
145998227_2025-10-17_嘉华股份2025年第一次临时股东大会会议资料.pdf,山东嘉华生物科技股份有限公司,嘉华股份,未找到,山东嘉华生物科技股份有限公司2025年第一次临时股东大会会议资料,2025-10-29,临时股东会,2025年第一次临时股东大会会议须知;2025年第一次临时股东大会会议议程;2025年第一次临时股东大会会议议案;议案一、关于取消监事会并修订《公司章程》的议案;议案二、关于修订《股东会议事规则》的议案;议案三、关于修订《董事会议事规则》的议案;议案四、关于修订《关联交易管理制度》的议案;议案五、关于修订《重大投资与交易决策制度》的议案;议案六、关于修订《独立董事工作制度》的议案;议案七、关于修订《募集资金管理制度》的议案;议案八、关于修订《防范控股股东、实际控制人及其他关联方占用公司资金管理制度》的议案;议案九、关于制定《董事和高级管理人员薪酬管理制度》的议案;议案十、关于未来三年股东回报规划(2025-2027年)的议案,2025年10月29日,16,5421
145998262_2025-10-17_东风汽车股份有限公司2025年第四次临时股东会资料.pdf,东风汽车股份有限公司,东风汽车,未找到,东风汽车股份有限公司2025年第四次临时股东会资料,2025-10-30,临时股东会,2025年第四次临时股东会会议须知; 会议议程; 议案资料目录; 1、关于调整公司2025年度投资计划的议案; 2、关于取消监事会并修订《公司章程》、《股东会议事规则》及《董事会议事规则》的议案; 3、关于修订《董事会薪酬管理委员会实施细则》的议案,2025年10月30日,31,24591
145998486_2025-10-17_2025年第一次临时股东会会议资料.pdf,神通科技集团股份有限公司,神通科技,未找到,2025年第一次临时股东会会议资料,2025-11,临时股东会,2025年第一次临时股东会会议须知;2025年第一次临时股东会议程;2025年第一次临时股东会议案;议案一 关于公司2025年前三季度利润分配方案的议案;议案二 关于修订<公司章程>及其附件的议案;议案三 关于制定及修订公司相关制度的议案;3.01 修订《独立董事工作制度》;3.02 修订《对外担保管理制度》;3.03 修订《对外投资管理制度》;3.04 修订《防止大股东及关联方占用公司资金管理制度》;3.05 修订《关联交易决策制度》;3.06 修订《累积投票制度》;3.07 修订《募集资金管理制度》;3.08 修订《授权管理制度》,2025年11月3日,13,9954
145998561_2025-10-17_2025年第一次临时股东大会会议资料.pdf,康希诺生物股份公司,康希诺,688185,2025年第一次临时股东大会会议资料,2025-10,临时股东会,2025年第一次临时股东大会会议议程;2025年第一次临时股东大会会议议案;议案一：关于公司《2025年A股限制性股票激励计划（草案）》及其摘要的议案;议案二：关于公司《2025年A股限制性股票激励计划实施考核管理办法》的议案;议案三：关于提请股东大会授权董事会办理2025年A股限制性股票激励计划相关事宜的议案;议案四：关于公司《2025年H股购股权计划》的议案;议案五：关于提请股东大会授权董事会办理2025年H股购股权计划相关事宜的议案;议案六：关于向XUEFENG YU博士授予H股购股权的议案;议案七：关于注销回购A股股份并减少注册资本的议案,2025年10月23日,19,10115
145998588_2025-10-17_北京九州一轨环境科技股份有限公司2025年第四次临时股东大会会议资料.pdf,北京九州一轨环境科技股份有限公司,九州一轨,688485,2025年第四次临时股东大会会议资料,2025-10-29,临时股东会,2025年第四次临时股东大会会议须知;2025年第四次临时股东大会会议议程;2025年第四次临时股东大会会议议案;议案一：关于取消监事会及修订《公司章程》的议案;议案二：关于审议修订、制定及废止公司治理相关制度的议案,2025年10月29日,9,3613
145998602_2025-10-17_石大胜华2025年第五次临时股东大会会议材料.pdf,石大胜华新材料集团股份有限公司,石大胜华新材料集团,未找到,2025年第五次临时股东大会,未找到,临时股东会,一、程序文件；1. 会议议程；2. 会议须知；二、提交股东大会审议的议案；1.关于取消监事会并修订《公司章程》的议案；2.关于修订部分治理制度的议案；3.关于续聘公司2025年度审计机构的议案,2025年10月24日,47,51487
145998634_2025-10-17_悦达投资2025年第一次临时股东大会会议资料.pdf,江苏悦达投资股份有限公司,江苏悦达投资,未找到,2025年第一次临时股东大会议程,未找到,临时股东会,2025年第一次临时股东大会议程;议案一 关于修改公司章程暨取消监事会的议案;议案二 关于修改公司部分治理制度的议案,2025年10月29日,26,25682
145998640_2025-10-17_合盛硅业2025年第二次临时股东大会会议资料.pdf,合盛硅业股份有限公司,合盛硅业,603260,2025年第二次临时股东大会会议资料,2025-10-28,临时股东会,会议议程;一、会议时间;二、现场会议地点;三、会议主持人;四、会议审议事项;五、会议流程;会议须知;议案一;关于取消监事会及修订《公司章程》的议案;议案二;关于制定、修订公司部分制度的议案;议案2.01《关于修订<董事会议事规则>的议案》;议案2.02《关于修订<对外担保管理制度>的议案》;议案2.03《关于修订<独立董事工作制度>的议案》;议案2.04《关于修订<股东会议事规则>的议案》;议案2.05《关于修订<重大投资和交易决策制度>的议案》;议案2.06《关于修订<关联交易决策制度>的议案》;议案2.07《关于修订<募集资金管理办法>的议案》,2025年10月28日,17,10260
145998658_2025-10-17_宁波海运股份有限公司2025年第二次临时股东大会会议材料.pdf,宁波海运股份有限公司,宁波海运,未找到,2025年第二次临时股东大会会议材料,2025-10-28,临时股东会,宁波海运股份有限公司2025年第二次临时股东大会议程;议程安排;预备会议;正式会议;会议议案一 关于取消监事会并修订《宁波海运股份有限公司章程》的议案;会议议案二 关于修订、废止并重新制定宁波海运股份有限公司部分治理制度的议案;会议议案三 关于补选公司第十届董事会董事的议案;附件 宁波海运股份有限公司董事候选人简历,2025年10月28日,7,2786
145998670_2025-10-17_北特科技2025年第二次临时股东大会会议资料.pdf,上海北特科技股份有限公司,上海北特科技,未找到,2025年第二次临时股东大会议程,2025-10-29,临时股东会,2025年第二次临时股东大会议程; 一、会议召开时间：2025年10月29日（周三）14：30; 二、与会人员签到：2025年10月29日（周三）14：10; 三、会议召开方式：现场方式; 四、会议表决方式：以现场投票和网络投票相结合，建议优先选择网络方式进行投票; 五、现场会议地点：上海市长宁路1018号，上海龙之梦万丽酒店，10楼会议室; 六、会议议题：（一）审议《关于变更公司名称、取消监事会、修订<公司章程>并办理登记备案事宜的议案》；（二）审议《关于修订并制定部分管理制度的议案》；（三）审议《关于选举公司第六届董事会非独立董事的议案》；（四）审议《关于选举公司第六届董事会独立董事的议案》。; 第一项：会议主持人宣布会议开始；; 第二项：会议主持人统计并介绍参加本次会议的人员；; 第三项：推选计票人、监票人各一名；; 第四项：会议主持人宣读并介绍有关议案；; 第五项：股东对议案予以审议并进行表决；; 第六项：计票人统计表决票；; 第七项：监票人宣读表决结果；; 第八项：会议主持人宣读股东大会现场决议；; 第九项：与会董事及董事会秘书签署会议决议与会议记录；; 第十项：会议主持人宣布会议结束。,2025年10月29日,7,3004
145998742_2025-10-17_奥瑞德2025年第二次临时股东会会议资料.pdf,奥瑞德光电股份有限公司,奥瑞德,600666,2025年第二次临时股东会会议资料,2025-10-28,临时股东会,2025年第二次临时股东会议程;2025年第二次临时股东会须知;议案一 关于取消监事会并修订《公司章程》的议案;议案二 关于修订、制定、废止部分治理制度的议案,2025年10月28日,5,2320
145998843_2025-10-17_2025年第二次临时股东大会会议资料.pdf,深圳市明微电子股份有限公司,明微电子,688699,2025年第二次临时股东大会会议资料,2025-10,临时股东会,深圳市明微电子股份有限公司2025年第二次临时股东大会会议须知;深圳市明微电子股份有限公司2025年第二次临时股东大会会议议程;议案一、关于取消监事会及修改公司章程的议案;议案二、关于修订及制定公司内部治理制度的议案;议案三、关于续聘会计师事务所的议案;议案四、关于选举第七届董事会非独立董事的议案;议案五、关于选举第七届董事会独立董事的议案,2025年10月30日14点00分,11,5574
145999847_2025-10-17_江苏天目湖旅游股份有限公司2025年第一次临时股东会会议材料.pdf,江苏天目湖旅游股份有限公司,天目湖旅游股份,603136,2025年第一次临时股东会会议材料,2025-10,临时股东会,2025年第一次临时股东会须知;2025年第一次临时股东会会议议程;2025年第一次临时股东会议案;议案一：关于终止对参股公司增资等相关事宜的议案,2025年10月24日下午14:30,8,4603
146000045_2025-10-19_晨丰科技2025年第五次临时股东会会议资料.pdf,浙江晨丰科技股份有限公司,晨丰科技,未找到,浙江晨丰科技股份有限公司2025年第五次临时股东会会议资料,2025-10-29,临时股东会,浙江晨丰科技股份有限公司2025年第五次临时股东会参会须知;浙江晨丰科技股份有限公司2025年第五次临时股东会议程;议案一 关于延长公司向特定对象发行股票股东会决议有效期及授权有效期的议案,2025年10月29日,7,2411
146000163_2025-10-20_德林海2025年第三次临时股东会会议资料.pdf,无锡德林海环保科技股份有限公司,德林海,688069,2025年第三次临时股东会会议资料,2025-10-30,临时股东会,无锡德林海环保科技股份有限公司2025年第三次临时股东会会议须知;无锡德林海环保科技股份有限公司2025年第三次临时股东会议程;无锡德林海环保科技股份有限公司2025年第三次临时股东会议案;议案一：关于修订《公司章程》并办理工商变更登记的议案,2025年10月30日,8,3374
146000164_2025-10-20_天马科技2025年第二次临时股东大会会议资料.pdf,福建天马科技集团股份有限公司,福建天马科技集团,未找到,2025年第二次临时股东大会会议资料,2025-10-31,临时股东会,一、会议议程;二、会议须知;三、会议审议议案;1、《关于变更注册资本、经营范围、修订<公司章程>并办理工商变更登记的议案》;2、《关于修订、制定公司部分治理制度的议案》;3、《关于增加2025年度为子公司提供业务履约担保额度的议案》;四、关于投票表决的说明,2025年10月31日,12,9470
146000176_2025-10-20_华大智造2025年第四次临时股东大会会议资料.pdf,深圳华大智造科技股份有限公司,深圳华大智造科技,未找到,2025年第四次临时股东大会会议资料,2025-10-28,临时股东会,2025年第四次临时股东大会会议须知;2025年第四次临时股东大会会议议程;2025年第四次临时股东大会议案;《关于就COOLMPS测序技术签署授权许可协议暨受让与关联方相关共有专利并进行授权收入分成的议案》,2025年10月28日,9,4826
146000193_2025-10-20_威龙葡萄酒股份有限公司2025年第三次临时股东大会会议材料.pdf,威龙葡萄酒股份有限公司,威龙葡萄酒,603779,2025年第三次临时股东大会会议资料,2025-10-30,临时股东会,2025年第三次临时股东大会会议须知;2025年第三次临时股东大会会议基本情况及议程;2025年第三次临时股东大会议程表;会议议案;议案一：《关于取消监事会并修订<公司章程>的议案》;议案二：修订《威龙葡萄酒股份有限公司董事会议事规则》;议案三：修订《威龙葡萄酒股份有限公司董事会审计委员会工作细则》;议案四：修订《威龙葡萄酒股份有限公司董事会薪酬与考核委员会工作细则》;议案五：修订《威龙葡萄酒股份有限公司董事会提名委员会工作细则》;议案六：修订《威龙葡萄酒股份有限公司董事会战略委员会工作细则》;议案七：修订《威龙葡萄酒股份有限公司独立董事工作制度》;议案八：修订《威龙葡萄酒股份有限公司关联交易管理办法》;议案九：修订《威龙葡萄酒股份有限公司募集资金管理办法》;议案十：修订《威龙葡萄酒股份有限公司对外投资管理办法》;议案十一：修订《威龙葡萄酒股份有限公司防范大股东及关联方资金占用专项制度》;议案十二：修订《威龙葡萄酒股份有限公司股东会议事规则》,2025年10月30日14时30分,21,5967
146000235_2025-10-20_张家港保税科技（集团）股份有限公司2025年第三次临时股东大会会议材料.pdf,张家港保税科技（集团）股份有限公司,张家港保税科技（集团）,未找到,2025年第三次临时股东大会会议材料,2025-10-27,临时股东会,2025年第三次临时股东大会议程;议案一 关于取消监事会并修订<公司章程>的议案;议案二 关于修订公司部分治理制度的议案;附件：《公司股东会议事规则》;附件：《公司董事会议事规则》;附件：《公司独立董事制度》,2025年10月27日,92,70551
146000327_2025-10-20_神马股份2025年五次临时股东会会议材料.pdf,神马实业股份有限公司,神马实业,未找到,2025年第五次临时股东会会议材料,2025-10-29,临时股东会,2025年第五次临时股东会会议议题;议案一：关于为公司控股子公司河南神马锦纶科技有限公司提供担保的议案,未找到,4,872
146000342_2025-10-20_南京高科2025年第一次临时股东会会议材料.pdf,南京高科股份有限公司,南京高科,未找到,2025年第一次临时股东会会议材料,2025-10-29,临时股东会,1、现场会议安排；2、网络投票安排；3、现场会议议程；4、网络投票注意事项；5、2025年第一次临时股东会表决办法；6、议案一 关于取消监事会并修订〈公司章程〉的议案；7、议案二 关于修订和废止部分治理制度的议案；8、议案三 关于增选公司董事的议案,2025年10月29日,9,3362
146000386_2025-10-20_山大地纬2025年第一次临时股东大会会议资料.pdf,山大地纬软件股份有限公司,山大地纬,688579,山大地纬软件股份有限公司2025年第一次临时股东大会会议资料,2025-10-30,临时股东会,2025年第一次临时股东大会会议须知;2025年第一次临时股东大会会议议程;2025年第一次临时股东大会会议议案;议案一：关于取消监事会并修订《公司章程》的议案;议案二：关于修订、制定公司部分治理制度的议案,2025年10月30日14点00分,7,3698
146000399_2025-10-20_新疆赛里木现代农业股份有限公司2025年第四次临时股东会资料.pdf,新疆赛里木现代农业股份有限公司,新赛,未找到,2025年第四次临时股东会资料,2025-10-27,临时股东会,新疆赛里木现代农业股份有限公司2025年第四次临时股东会议程;议案：公司关于增补董事的议案,2025年10月27日,5,1417
146000430_2025-10-20_海利尔药业集团股份有限公司2025年第一次临时股东会会议材料.pdf,海利尔药业集团股份有限公司,海利尔,未找到,2025年第一次临时股东会会议材料,2025-10-29,临时股东会,2025年第一次临时股东会会议须知;2025年第一次临时股东会会议议程;2025年第一次临时股东会会议议案;议案一 关于公司2025年限制性股票激励计划（草案）及其摘要的议案;议案二 关于公司2025年限制性股票激励计划实施考核管理办法的议案;议案三 关于提请股东会授权董事会办理股权激励相关事宜的议案,2025年10月29日,9,3485
146000515_2025-10-20_2025年第二次临时股东大会会议资料.pdf,税友软件集团股份有限公司,税友股份,未找到,税友软件集团股份有限公司2025年第二次临时股东大会会议资料,2025-10-28,临时股东会,一、2025年第二次临时股东大会会议须知;二、2025年第二次临时股东大会会议议程;三、2025年第二次临时股东大会会议议案;议案一：关于取消监事会、变更公司注册资本并修改《公司章程》的议案;议案二：关于制定、修订公司部分治理制度的议案,2025年10月28日,11,4038
146000519_2025-10-20_浙江台华新材料集团股份有限公司2025年第三次临时股东大会会议资料.pdf,浙江台华新材料集团股份有限公司,浙江台华新材料集团,未找到,2025年第三次临时股东大会会议材料,2025-10-27,临时股东会,2025年第三次临时股东大会会议须知;2025年第三次临时股东大会会议议程;议案：关于全资子公司受让控股孙公司部分股权暨关联交易的议案,2025年10月27日,21,12198
146000553_2025-10-20_浙江镇洋发展股份有限公司2025年第三次临时股东会会议材料.pdf,浙江镇洋发展股份有限公司,浙江镇洋发展,603213,浙江镇洋发展股份有限公司2025年第三次临时股东会会议材料,2025-10-27,临时股东会,1、2025年第三次临时股东会会议须知；2、2025年第三次临时股东会会议议程；3、2025年第三次临时股东会会议议案；   议案一 关于与浙江省交通投资集团财务有限责任公司签订《金融服务协议》暨关联交易的议案；   议案二 关于续聘2025年度财务审计机构的议案,2025年10月27日,19,9393
146000562_2025-10-20_2025年第三次临时股东大会会议资料.pdf,江苏恒兴新材料科技股份有限公司,恒兴新材,未找到,2025年第三次临时股东大会会议资料,2025-10-27,临时股东会,2025年第三次临时股东大会会议须知;2025年第三次临时股东大会会议议程;议案一：《关于取消监事会并修订<公司章程>及相关议事规则的议案》;议案二：《关于修订和制定部分公司治理制度的议案》,2025年10月27日9：30,128,78439
146000573_2025-10-20_科华控股股份有限公司2025年第二次临时股东会会议资料.pdf,科华控股股份有限公司,科华控股,未找到,科华控股股份有限公司2025年第二次临时股东会会议资料,2025-10-27,临时股东会,科华控股股份有限公司2025年第二次临时股东会议议程;会议须知;议案一：关于补选公司第四届董事会非独立董事的议案;第四届董事会非独立董事候选人简历,2025年10月27日,7,3621
146000586_2025-10-20_读者出版传媒股份有限公司2025年第二次临时股东会会议资料.pdf,读者出版传媒股份有限公司,读者出版传媒,未找到,2025年第二次临时股东会会议资料,2025-10,临时股东会,读者出版传媒股份有限公司股东会议事规则及注意事项;读者出版传媒股份有限公司2025年第二次临时股东会议程;议案一 关于变更公司2025年度审计机构的议案;议案二 关于确认公司董事、监事薪酬及薪酬方案的议案;议案三 关于选举公司第六届董事会非独立董事的议案;议案四 关于选举公司第六届董事会独立董事的议案,2025年10月28日14:30,29,11665
146000621_2025-10-20_中粮糖业控股股份有限公司2025年第三次临时股东会材料.pdf,中粮糖业控股股份有限公司,中粮糖业控股,未找到,2025年第三次临时股东会会议材料,2025-10-21,临时股东会,会议须知;会议议程;会议议案;议案一：关于更换公司非独立董事的议案,2025年11月3日13:30,6,2038
146000699_2025-10-20_东峰集团2025年第二次临时股东大会会议资料.pdf,广东东峰新材料集团股份有限公司,东峰集团,未找到,2025年第二次临时股东大会会议资料,未找到,临时股东会,会议须知;会议议程;会议议案;1、审议《关于变更公司名称、证券简称、注册地址及修改<公司章程>的议案》;2、审议《关于2020年度非公开发行A股股票部分募集资金投资项目终止及将节余募集资金永久性补充流动资金的议案》;3、审议《关于变更会计师事务所的议案》;4、审议《关于购买董监高责任险的议案》,2025-11-05,11,4302
146000742_2025-10-20_万华化学2025年第一次临时股东大会会议资料.pdf,万华化学集团股份有限公司,万华化学,未找到,2025年第一次临时股东大会会议资料,2025-10-28,临时股东会,2025年第一次临时股东大会议程和议程安排;议案1 关于减少注册资本、修改<公司章程>并取消监事会的议案;议案2 关于修改<万华化学集团股份有限公司股东大会议事规则>的议案,2025年10月28日,68,59995
146000781_2025-10-20_2025年第二次临时股东大会会议资料.pdf,永泰能源集团股份有限公司,永泰能源集团,未找到,2025年第二次临时股东大会会议资料,2025-10-01,临时股东会,2025年第二次临时股东大会议程;关于取消监事会、修改《公司章程》和修订及制定相关制度的议案;永泰能源集团股份有限公司《公司章程》和相关制度修订情况;二、《公司股东大会议事规则》修订内容如下:,2025年10月28日,73,65649
146000785_2025-10-20_浙江物产环保能源股份有限公司2025年第五次临时股东大会会议材料.pdf,浙江物产环保能源股份有限公司,浙江物产环保能源,603071,2025年第五次临时股东大会会议材料,2025-11-06,临时股东会,会议议程;会议须知;议案1：《关于取消监事会及修改<公司章程>的议案》;议案2：《关于修订和新制定公司部分治理制度的议案》,2025年11月6日,56,38598
146000855_2025-10-20_燕京啤酒：2025年第一次临时股东会材料.PDF,北京燕京啤酒股份有限公司,燕京啤酒,未找到,2025年第一次临时股东会会议资料,未找到,临时股东会,1、审议《关于2025年前三季度利润分配方案的议案》；2、审议《关于修改<公司章程>的议案》,2025-11-05,10,5036
146000895_2025-10-20_南方电网储能股份有限公司2025年第三次临时股东会会议材料.pdf,南方电网储能股份有限公司,南网储能,600995,南方电网储能股份有限公司2025年第三次临时股东会会议材料,2025-11-05,临时股东会,1、2025年第三次临时股东会会议议程;2、2025年第三次临时股东会注意事项;3、议案材料;关于公司参与投资设立南网工融基金暨关联交易的议案,2025年11月5日14:30,9,3699
146001096_2025-10-20_2025年第二次临时股东大会会议资料.pdf,北自所（北京）科技发展股份有限公司,北自科技,603082,2025年第二次临时股东大会会议资料,2025-10,临时股东会,2025年第二次临时股东大会须知;2025年第二次临时股东大会会议议程;议案一《关于公司发行股份及支付现金购买资产并募集配套资金符合相关法律法规规定的议案》;议案二《关于公司发行股份及支付现金购买资产并募集配套资金方案的议案》;议案三《关于确认本次重组方案调整不构成重大调整的议案》;议案四《关于<北自所（北京）科技发展股份有限公司发行股份及支付现金购买资产并募集配套资金报告书（草案）>及其摘要的议案》;议案五《关于本次交易不构成关联交易的议案》;议案六《关于本次交易不构成重大资产重组及重组上市的议案》;议案七《关于本次交易符合<上市公司监管指引第9号——上市公司筹划和实施重大资产重组的监管要求>第四条规定的议案》;议案八《关于本次交易符合<上市公司重大资产重组管理办法>第十一条、第四十三条和第四十四条规定的议案》;议案九《关于公司不存在<上市公司证券发行注册管理办法>第十一条规定的不得向特定对象发行股票的情形的议案》;议案十《关于本次交易中相关主体不存在<上市公司监管指引第7号——上市公司重大资产重组相关股票异常交易监管>第十二条及<上海证券交易所上市公司自律监管指引第6号——重大资产重组>第三十条规定情形的议案》;议案十一《关于签署附条件生效的<发行股份及支付现金购买资产协议>的议案》;议案十二《关于签署附条件生效的<盈利预测补偿协议>的议案》;议案十三《关于本次交易前12个月内购买、出售资产情况的议案》;议案十四《关于本次交易履行法定程序的完备性、合规性及提交法律文件的有效性的议案》;议案十五《关于本次交易采取的保密措施及保密制度的议案》;议案十六《关于本次交易相关的标的公司经审计的财务报告、评估报告及上市公司经审阅的备考财务报告的议案》;议案十七《关于评估机构的独立性、评估假设前提的合理性、评估方法和评估目的的相关性以及评估定价的公允性的议案》;议案十八《关于本次交易定价的依据及公平合理性的议案》;议案十九《关于本次交易摊薄上市公司即期回报情况及填补措施的议案》;议案二十《关于本次交易是否存在直接或间接有偿聘请其他第三方机构或个人的议案》;议案二十一《关于提请公司股东大会授权董事会及其授权人士全权办理本次交易相关事宜的议案》;议案二十二《关于修订<公司章程>的议案》;议案二十三《关于修订及制定公司部分制度的议案>;附件1《公司章程》对比修订稿;附件2《关联交易管理制度》;附件3《投资管理制度》;附件4《对外担保管理制度》;附件5《防范控股股东、实际控制人及关联方占用公司资金管理制度》;附件6《战略规划管理制度》;附件7《对外捐赠管理制度》,2025年10月27日13点00分,125,81342
146001246_2025-10-20_广东九联科技股份有限公司2025年第二次临时股东会会议材料.pdf,广东九联科技股份有限公司,九联科技,688609,2025年第二次临时股东会会议材料,2025-10,临时股东会,2025年第二次临时股东会会议须知;2025年第二次临时股东会会议议程;议案1.关于公司2025年度以简易程序向特定对象发行股票摊薄即期回报及填补回报措施和相关主体承诺的议案;议案2.关于公司前次募集资金使用情况报告的议案;议案3.关于制定《广东九联科技股份有限公司未来三年股东分红回报规划（2025-2027年）》的议案,2025年10月27日10点00分,47,29570
146001413_2025-10-20_中信金属股份有限公司2025年第三次临时股东会会议资料.pdf,中信金属股份有限公司,中信金属,601061,中信金属股份有限公司2025年第三次临时股东会会议资料,2025-10-01,临时股东会,中信金属股份有限公司2025年第三次临时股东会会议须知;中信金属股份有限公司2025年第三次临时股东会会议议程;议案一：中信金属股份有限公司关于增加2025年度日常关联交易预计金额的议案,2025年10月27日14:30,11,4793
146001931_2025-10-21_杭州解百集团股份有限公司2025年第二次临时股东大会会议资料.pdf,杭州解百集团股份有限公司,杭州解百集团,未找到,2025年第二次临时股东大会会议资料,2025-10-29,临时股东会,1.2025年第二次临时股东大会会议须知;2.2025年第二次临时股东大会会议议程;3.关于变更公司注册资本、取消监事会暨修订《公司章程》的议案;4.关于修订及制定部分管理制度的议案;5.2025年中期利润分配预案,2025年10月29日14:00,7,3323
146001978_2025-10-21_浙江九洲药业股份有限公司2025年第一次临时股东大会会议资料.pdf,浙江九洲药业股份有限公司,九洲药业,未找到,浙江九洲药业股份有限公司2025年第一次临时股东大会会议资料,2025-10-31,临时股东会,2025年第一次临时股东大会会议议程;2025年第一次临时股东大会会议须知;股东大会会议议案;议案一 关于取消监事会并修订《公司章程》的议案;议案二 关于制定、修订公司部分管理制度的议案,2025年10月31日,8,2945
146002075_2025-10-21_2025年第四次临时股东大会会议资料.pdf,浙江钱江生物化学股份有限公司,浙江钱江生物化学,未找到,二零二五年第四次临时股东大会会议资料,2025-10-31,临时股东会,2025年第四次临时股东大会会议须知;2025年第四次临时股东大会会议议程;2025年第四次临时股东大会会议议案;议案一：审议《关于增加经营范围、取消监事会并修订<公司章程>的议案》;议案二：审议《关于修订<股东会议事规则>的议案》;议案三：审议《关于修订<董事会议事规则>的议案》,2025年10月31日（星期五）10点00分开始,77,78135
146002198_2025-10-21_大湖水殖股份有限公司2025年第三次临时股东会会议资料.pdf,大湖水殖股份有限公司,大湖股份,未找到,2025年第三次临时股东会会议资料,2025-10-27,临时股东会,2025年第三次临时股东会议程;议案一：关于变更公司全称、调整经营范围及修订《公司章程》的议案,2025-10-27,7,4188
146002205_2025-10-21_江苏灿勤科技股份有限公司2025年第二次临时股东会会议材料.pdf,江苏灿勤科技股份有限公司,灿勤科技,688182,2025年第二次临时股东会会议材料,2025-11-06,临时股东会,2025年第二次临时股东会会议须知;2025年第二次临时股东会议程;议案一 关于修订《公司章程》的议案,2025年11月6日,7,2948
146002211_2025-10-21_广东华特气体股份有限公司2025年第一次临时股东大会会议资料.pdf,广东华特气体股份有限公司,华特气体,688268,2025年第一次临时股东大会会议资料,2025-10-31,临时股东会,广东华特气体股份有限公司2025年第一次临时股东大会会议须知;广东华特气体股份有限公司2025年第一次临时股东大会会议议程;2025年第一次临时股东大会会议议案;2025年第一次临时股东大会会议议案一：;2025年第一次临时股东大会会议议案二：;2025年第一次临时股东大会会议议案三：;2025年第一次临时股东大会会议议案四：;2025年第一次临时股东大会会议议案五：,2025年10月31日,15,6373
146002247_2025-10-21_2025年第五次临时股东会会议资料.pdf,北京电子城高科技集团股份有限公司,电子城高科,未找到,2025年第五次临时股东会会议资料,2025-10,临时股东会,议案1 北京电子城高科技集团股份有限公司关于调整独立董事津贴的议案;议案2 北京电子城高科技集团股份有限公司关于董事会换届暨选举非独立董事的议案;议案3 北京电子城高科技集团股份有限公司关于董事会换届暨选举独立董事的议案,未找到,9,3551
146002300_2025-10-21_统一低碳科技（新疆）股份有限公司2025年第四次临时股东会会议资料.pdf,统一低碳科技（新疆）股份有限公司,统一股份,未找到,2025年第四次临时股东会会议资料,2025-10-21,临时股东会,2025年第四次临时股东会会议议程; 关于续聘会计师事务所的议案,2025年10月29日,5,2767
146002324_2025-10-21_山东金麒麟股份有限公司2025年第二次临时股东会会议资料.pdf,山东金麒麟股份有限公司,金麒麟,603586,2025年第二次临时股东会会议资料,2025-10,临时股东会,山东金麒麟股份有限公司2025年第二次临时股东会会议须知;山东金麒麟股份有限公司2025年第二次临时股东会会议议程;山东金麒麟股份有限公司关于取消监事会并修订《公司章程》的议案;山东金麒麟股份有限公司关于完善部分管理制度的议案,2025年10月29日,8,3046
146002329_2025-10-21_山东天鹅棉业机械股份有限公司2025年第二次临时股东大会会议材料.pdf,山东天鹅棉业机械股份有限公司,天鹅股份,603029,2025年第二次临时股东大会会议材料,2025-10-01,临时股东会,2025年第二次临时股东大会会议须知;2025年第二次临时股东大会会议基本情况及议程;议案1 关于取消监事会并修订《公司章程》的议案;议案2 关于修订及制定公司部分治理制度的议案;议案3 关于增补公司第七届董事会非独立董事的议案,2025年10月29日,9,4383
146002373_2025-10-21_宝光股份2025年第二次临时股东大会会议资料.pdf,陕西宝光真空电器股份有限公司,宝光股份,600379,2025年第二次临时股东大会会议资料,未找到,临时股东会,2025年第二次临时股东大会议程;议案1：关于修订《公司章程》的议案;议案2：关于取消监事会的议案;议案3：关于修订《股东大会议事规则》的议案;议案4：关于修订《董事会议事规则》的议案;议案5：关于修订《股东大会网络投票实施细则》的议案;议案6：关于修订《董事、监事、高级管理人员薪酬及考核管理制度》的议案;议案7：关于修订《关联交易制度》的议案;议案8：关于调整2025年度日常关联交易预计额度的议案;议案9：关于选举王海波先生为公司第八届董事会非独立董事的议案,2025年10月29日,13,6770
146002449_2025-10-21_2025年第三次临时股东会会议资料.pdf,远东智慧能源股份有限公司,远东智慧能源,未找到,远东智慧能源股份有限公司2025年第三次临时股东会会议资料,2025-10-29,临时股东会,2025年第三次临时股东会会议须知;2025年第三次临时股东会会议议程;关于对外提供反担保的议案,2025年10月29日,4,1418
146002464_2025-10-21_重庆港股份有限公司2025年第一次临时股东大会会议资料.pdf,重庆港股份有限公司,重庆港,600279,2025年第一次临时股东大会会议资料,2025-10,临时股东会,2025年第一次临时股东大会议程;关于取消公司监事会并修订《公司章程》的议案;关于修改《公司股东大会议事规则》的议案;关于修改《公司董事会议事规则》的议案;关于修改《公司独立董事工作制度》的议案;关于修改《公司关联交易管理办法》的议案,2025年10月31日,84,72886
146002502_2025-10-21_2025年第三次临时股东大会会议资料.pdf,山东天岳先进科技股份有限公司,天岳先进,688234,2025年第三次临时股东大会会议资料,2025-10-30,临时股东会,2025年第三次临时股东大会会议须知;2025年第三次临时股东大会会议议程;议案一、关于变更注册资本、取消监事会并修订《公司章程》及其附件的议案;议案二、关于制定及修订公司部分治理制度的议案,2025年10月30日,10,4330
146002521_2025-10-21_2025年第三次临时股东会会议资料.pdf,国晟世安科技股份有限公司,国晟世安科技,603778,2025年第三次临时股东会会议资料,2025-10,临时股东会,2025年第三次临时股东会会议议程; 会议资料目录; 议案一 关于对外投资暨关联交易的议案,未找到,10,4638
146002766_2025-10-21_中国武夷：2025年第三次临时股东会材料.PDF,中国武夷实业股份有限公司,中国武夷,000797,中国武夷实业股份有限公司2025年第三次临时股东会会议材料,2025-11-06,临时股东会,2025年第三次临时股东会议程;2025年第三次临时股东会须知;提案一 关于取消监事会并修订《公司章程》及其附件的议案;提案二 关于修订《独立董事制度》的议案;提案三 关于修订《董事履职评价与薪酬管理制度》的议案,未找到,8,2355
146003206_2025-10-21_2025年第三次临时股东大会会议资料.pdf,上海大智慧股份有限公司,上海大智慧,未找到,2025年第三次临时股东大会会议资料,2025-11-01,临时股东会,2025年第三次临时股东大会会议议程;2025年第三次临时股东大会须知;议案 关于补选公司董事的议案,2025年11月6日,6,2298
146003214_2025-10-21_奕瑞科技2025年第三次临时股东大会会议资料.pdf,奕瑞电子科技集团股份有限公司,奕瑞科技,688301,2025年第三次临时股东大会会议资料,2025-10-01,临时股东会,2025年第三次临时股东大会会议须知;2025年第三次临时股东大会会议议程;2025年第三次临时股东大会议案;议案一：关于《公司2025年限制性股票激励计划（草案）》及其摘要的议案;议案二：关于《公司2025年限制性股票激励计划实施考核管理办法》的议案;议案三：关于《公司2025年股票增值权激励计划（草案）》及其摘要的议案;议案四：关于《公司2025年股票增值权激励计划实施考核管理办法》的议案;议案五：关于提请股东大会授权董事会办理公司股权激励计划相关事宜的议案;议案六：关于变更注册资本、增加经营范围、取消监事会、修订《公司章程》的议案;议案七：关于修订及制定公司部分治理制度的议案,2025年10月27日,17,10850
146003282_2025-10-21_重庆港股份有限公司2025年第一次临时股东大会会议资料.pdf,重庆港股份有限公司,重庆港,600279,2025年第一次临时股东大会会议资料,2025-10-31,临时股东会,2025年第一次临时股东大会议程;关于取消公司监事会并修订《公司章程》的议案;关于修改《公司股东大会议事规则》的议案;关于修改《公司董事会议事规则》的议案;关于修改《公司独立董事工作制度》的议案;关于修改《公司关联交易管理办法》的议案,2025年10月31日,85,72986
146003390_2025-10-22_景津装备股份有限公司2025年第一次临时股东会会议资料（603279）.pdf,景津装备股份有限公司,景津装备,603279,2025年第一次临时股东会会议资料,2025-10-31,临时股东会,景津装备股份有限公司2025年第一次临时股东会会议须知;景津装备股份有限公司2025年第一次临时股东会议程;议案1：关于公司取消监事会的议案;议案2：关于修订《公司章程》及其附件并办理变更登记的议案;议案3：关于修订公司部分治理制度的议案;议案4：关于补选公司第四届董事会独立董事的议案,2025年10月31日14点30分,36,26014
146003413_2025-10-22_新黄浦2025年第二次临时股东大会会议资料.pdf,上海新黄浦实业集团股份有限公司,上海新黄浦实业集团,未找到,2025年第二次临时股东大会会议资料,2025-10-31,临时股东会,2025年第二次临时股东大会会议须知;2025年第二次临时股东大会会议议程;议案一、关于取消监事会并修订《公司章程》的议案;议案二、关于修订公司《股东大会规则》的议案;议案三、关于修订公司《董事会议事规则》的议案;议案四、关于修订公司《独立董事制度》的议案;议案五、关于选举第十届董事会非独立董事的议案;议案六、关于选举第十届董事会独立董事的议案,2025年10月31日,15,6089
146003528_2025-10-22_三角轮胎2025年第一次临时股东大会会议资料.pdf,三角轮胎股份有限公司,三角轮胎,601163,2025年第一次临时股东大会会议资料,2025-10-30,临时股东会,2025年第一次临时股东大会议程;2025年第一次临时股东大会会议须知;议案一 关于增加公司经营范围的议案;议案二 关于取消监事会、修订《公司章程》的议案;议案三 关于新增及修订公司管理制度的议案;附件1 三角轮胎股份有限公司股东会议事规则;附件2 三角轮胎股份有限公司董事会议事规则;附件3 三角轮胎股份有限公司独立董事制度;附件4 三角轮胎股份有限公司董事薪酬管理制度,2025年10月30日14:30,52,30351
146003529_2025-10-22_浙江嘉澳环保科技股份有限公司2025年第二次临时股东大会会议材料.pdf,浙江嘉澳环保科技股份有限公司,嘉澳环保,603822,浙江嘉澳环保科技股份有限公司二〇二五年第二次临时股东大会会议材料,2025-11-03,临时股东会,2025年第二次临时股东大会会议议程;2025年第二次临时股东大会须知;议案一·关于续聘立信中联会计师事务所（特殊普通合伙）为公司2025年度会计师事务所的议案;议案二·关于取消监事会并修订《公司章程》的议案;议案三·关于修订、制定和废止公司部分管理制度的议案,2025年11月3日,10,3777
146003549_2025-10-22_中国航发航空科技股份有限公司2025年第二次临时股东大会会议资料.pdf,中国航发航空科技股份有限公司,中国航发航空科技,未找到,2025年第二次临时股东大会会议资料,2025-10-29,临时股东会,1、大会议程;2、议案; （一）关于审议《取消监事会及修订<公司章程>及相关治理制度》的议案; （二）关于审议《续聘2025年度会计师事务所》的议案,2025年10月29日,9,3204
146003551_2025-10-22_龙江交通2025年第四次临时股东大会会议资料.pdf,黑龙江交通发展股份有限公司,龙江交通,未找到,2025年第四次临时股东大会会议资料,2025-10-31,临时股东会,1、会议须知；2、会议议程；3、表决票填写说明；4、审议事项：关于收购黑龙江水运建设发展有限公司100%股权暨关联交易的议案,2025年10月31日,18,7948
146003553_2025-10-22_利群商业集团股份有限公司2025年第一次临时股东会会议资料.pdf,利群商业集团股份有限公司,利群股份,601366,2025年第一次临时股东会会议资料,2025-10-30,临时股东会,会议须知;会议议程;会议议案;议案一 关于公司拟注册发行中期票据的议案,2025年10月30日,6,3247
146003569_2025-10-22_江苏新能2025年第二次临时股东会会议资料.pdf,江苏省新能源开发股份有限公司,江苏新能,603693,2025年第二次临时股东会会议资料,2025-11-07,临时股东会,江苏省新能源开发股份有限公司2025年第二次临时股东会议程;江苏省新能源开发股份有限公司2025年第二次临时股东会会议须知;议案一：关于补选公司第四届董事会非独立董事的议案;议案二：关于大丰H19#、东台H4#/H6#海上风电项目相关事宜的议案,未找到,16,8403
146003913_2025-10-22_2025年第三次临时股东大会会议资料.pdf,三达膜环境技术股份有限公司,三达膜,688101,2025年第三次临时股东大会会议资料,2025-11-04,临时股东会,三达膜2025年第三次临时股东大会会议须知;三达膜2025年第三次临时股东大会会议议程;三达膜2025年第三次临时股东大会议案;议案一：《关于取消监事会并修订<公司章程>的议案》;议案二：《关于修订部分公司治理制度的议案》;议案三：《关于续聘会计师事务所的议案》;议案四：《关于公司聘请H股发行及审计机构的议案》,2025年11月4日,23,13650
146004034_2025-10-22_2025年第五次临时股东大会会议资料.pdf,苏州瀚川智能科技股份有限公司,瀚川智能,688022,苏州瀚川智能科技股份有限公司2025年第五次临时股东大会会议资料,2025-10-30,临时股东会,2025年第五次临时股东大会会议须知;2025年第五次临时股东大会会议议程;议案一：关于取消监事会、修订《公司章程》并办理工商变更登记的议案;议案二：关于修订、制定公司部分治理制度的议案;议案三：关于增补第三届董事会独立董事的议案,2025年10月30日,11,6225
146004035_2025-10-22_金海高科2025年第一次临时股东会会议资料.pdf,浙江金海高科股份有限公司,金海高科,603311,2025年第一次临时股东会会议资料,2025-10-01,临时股东会,2025年第一次临时股东会会议议程;2025年第一次临时股东会会议须知;2025年第一次临时股东会会议议案;议案一：关于取消监事会暨修订《公司章程》的议案;议案二：关于修订或制定公司部分治理制度的议案;议案三：关于变更部分募投项目的议案;议案四：关于部分募投项目增加实施主体、实施地点并延期的议案;议案五：关于补选第五届董事会独立董事的议案,2025年10月31日,13,6513
146005123_2025-10-22_永安期货股份有限公司第二次临时股东大会会议资料.pdf,永安期货股份有限公司,永安期货,未找到,2025年第二次临时股东大会会议资料,2025-10-27,临时股东会,会议须知;会议议程;会议目录;议案一 关于2025年半年度利润分配的议案;议案二 关于发行次级债的议案,2025年10月27日,10,2726
146005446_2025-10-22_西安曲江文化旅游股份有限公司2025年第三次临时股东大会会议资料.pdf,西安曲江文化旅游股份有限公司,西安曲江文化旅游,600706,2025年第三次临时股东大会会议资料,2025-11-07,临时股东会,西安曲江文化旅游股份有限公司2025年第三次临时股东大会注意事项; 议案名称; 公司关于业绩承诺方回购无锡汇跑体育有限公司55%股权的议案,2025年11月7日,7,4384
146005448_2025-10-23_2025年第一次临时股东大会会议资料.pdf,海创药业股份有限公司,海创药业,688302,2025年第一次临时股东大会会议资料,2025-10,临时股东会,2025年第一次临时股东股东大会会议须知;2025年第一次临时股东股东大会会议议程;议案一：《关于取消公司监事会并修订<公司章程>的议案》;议案二：《关于修订公司部分治理制度的议案》;议案三：《关于变更公司2025年度财务报告及内部控制审计机构的议案》;议案四：《关于首次公开发行股票部分募投项目子项目调整的议案》;议案五：《关于补选第二届董事会独立董事的议案》,2025年10月30日,18,10997
146005702_2025-10-23_新奥股份2025年第二次临时股东会会议资料.pdf,新奥天然气股份有限公司,新奥天然气,未找到,2025年第二次临时股东会会议资料,2025-11-03,临时股东会,1、2025年第二次临时股东会会议议程；2、会议资料之一 关于回购注销2021年限制性股票激励计划部分限制性股票的议案；3、会议资料之二 关于回购注销2025年限制性股票激励计划部分限制性股票的议案；4、会议资料之三 关于签署2025-2026年日常关联（连）交易框架协议的议案,2025-11-03,7,3909
146005714_2025-10-23_2025年第三次临时股东会会议资料.pdf,华能澜沧江水电股份有限公司,华能澜沧江水电,未找到,华能澜沧江水电股份有限公司2025年第三次临时股东会会议资料,2025-10,临时股东会,议案1：关于选举非独立董事的议案,未找到,4,773
146005727_2025-10-23_2025年第二次临时股东会会议资料.pdf,深圳市汇顶科技股份有限公司,深圳市汇顶科技,未找到,2025年第二次临时股东会会议资料,2025-11-03,临时股东会,2025年第二次临时股东会会议议程;2025年第二次临时股东会现场会议须知;议案一：《关于续聘公司2025年度审计机构的议案》,2025年11月3日14:30,7,3396
146005747_2025-10-23_渤海轮渡集团股份有限公司2025年第一次临时股东大会会议材料.pdf,渤海轮渡集团股份有限公司,渤海轮渡,603167,2025年第一次临时股东大会会议材料,2025-11-05,临时股东会,2025年第一次临时股东大会议程; 议案1 关于取消监事会的议案; 议案2 关于修订《渤海轮渡集团股份有限公司章程》的议案; 议案3 关于修订《渤海轮渡集团股份有限公司股东大会议事规则》的议案; 议案4 关于修订《渤海轮渡集团股份有限公司董事会议事规则》的议案; 议案5 关于修订《渤海轮渡集团股份有限公司独立董事工作细则》的议案; 议案6 关于修订《渤海轮渡集团股份有限公司关联交易管理办法》的议案; 议案7 关于修订《渤海轮渡集团股份有限公司对外投资管理办法》的议案; 议案8 关于修订《渤海轮渡集团股份有限公司对外担保管理办法》的议案; 议案9 关于修订《渤海轮渡集团股份有限公司募集资金管理办法》的议案; 议案10 关于修订《渤海轮渡集团股份有限公司信息披露管理制度》的议案; 议案11 关于修订《渤海轮渡集团股份有限公司控股股东、实际控制人行为规范》的议案; 议案12 关于修订《渤海轮渡集团股份有限公司累积投票制实施细则》的议案; 议案13 关于修订《渤海轮渡集团股份有限公司股东大会网络投票实施细则》的议案; 议案14 关于续聘会计师事务所的议案,2025年11月5日14:30,17,6474
146005757_2025-10-23_山西潞安化工科技股份有限公司2025年第三次临时股东大会会议文件.pdf,山西潞安化工科技股份有限公司,山西潞安化工科技,未找到,山西潞安化工科技股份有限公司2025年第三次临时股东大会会议文件,2025-10,临时股东会,会议须知;会议议程;议案一：《山西潞安化工科技股份有限公司关于与潞安集团财务有限公司签订<金融服务协议>的议案》;议案二：《山西潞安化工科技股份有限公司关于修订<公司章程>及取消监事会的议案》;议案三：《山西潞安化工科技股份有限公司关于修订<股东大会议事规则>的议案》;议案四：《山西潞安化工科技股份有限公司关于修订<董事会议事规则>的议案》;议案五：《山西潞安化工科技股份有限公司关于修订<独立董事工作制度>的议案》,2025年10月31日,63,50665
146005801_2025-10-23_2025年第三次临时股东会会议资料.pdf,杭州福斯达深冷装备股份有限公司,福斯达,603173,2025年第三次临时股东会会议资料,2025-10-30,临时股东会,2025年第三次临时股东会会议议程;会议须知;议案一：关于对外投资的议案,2025年10月30日,10,6087
146005926_2025-10-23_博瑞传播2025年第一次临时股东大会会议文件.pdf,成都博瑞传播股份有限公司,博瑞传播,未找到,2025年第一次临时股东大会会议文件,2025-11-03,临时股东会,2025年第一次临时股东大会现场会议议程；议案1：关于续聘信永中和会计师事务所(特殊普通合伙)为2025年度财务和内部控制审计机构的议案；议案2：关于取消监事会及修订《公司章程》的议案；议案3：关于修订《股东大会议事规则》的议案；议案4：关于修订《董事会议事规则》的议案；议案5：关于修订《控股股东及实际控制人行为规范》的议案；议案6：关于修订《募集资金管理办法》的议案,2025年11月3日,104,86433
146005928_2025-10-23_2025年第三次临时股东会会议资料.pdf,中微半导体（深圳）股份有限公司,中微半导,688380,2025年第三次临时股东会会议资料,2025-10-31,临时股东会,2025年第三次临时股东会会议须知;2025年第三次临时股东会议程;议案一：关于使用剩余超募资金永久补充流动资金的议案;议案二：关于续聘公司2025年度审计机构的议案,2025年10月31日14时30分,8,3302
146006071_2025-10-23_中航沈飞股份有限公司2025年第二次临时股东会会议资料.pdf,中航沈飞股份有限公司,中航沈飞,未找到,2025年第二次临时股东会会议资料,2025-10-29,临时股东会,2025年第二次临时股东会议程;股东会须知;议案一：关于中航沈飞增加募投项目实施主体并使用部分募集资金向全资子公司增资以实施募投项目的议案;议案二：关于修订《中航沈飞募集资金管理制度》的议案,2025年10月29日13:30,22,11180
146006288_2025-10-23_万泰生物2025年第一次临时股东会会议资料.pdf,北京万泰生物药业股份有限公司,万泰生物,603392,2025年第一次临时股东会会议资料,2025-10-31,临时股东会,一、股东会须知;二、会议议程;三、会议议案;议案1：《关于变更部分回购股份用途并注销的议案》,2025年10月31日,8,4375
146006324_2025-10-23_酒钢宏兴2025年第二次临时股东大会会议资料.pdf,甘肃酒钢集团宏兴钢铁股份有限公司,酒钢宏兴,600307,甘肃酒钢集团宏兴钢铁股份有限公司2025年第二次临时股东大会会议资料,2025-11-03,临时股东会,2025年第二次临时股东大会参会须知;2025年第二次临时股东大会会议议程;关于取消监事会暨修订《公司章程》的议案;关于修订《股东会议事规则》的议案;关于修订《董事会议事规则》的议案;关于修订《独立董事工作制度》的议案;关于向银行申请增加综合授信额度的议案;关于为全资子公司提供担保的议案;关于向控股股东酒钢集团申请借款的议案;关于接收控股股东以委托贷款方式拨付国有资本经营预算资金暨关联交易的议案;关于向金融机构申请项目贷款的议案;关于调整2025年度部分日常关联交易预计的议案;关于选举非独立董事的议案;关于选举独立董事的议案,2025年11月3日,23,9370
146006390_2025-10-23_2025年第四次临时股东会会议资料.pdf,甬矽电子（宁波）股份有限公司,甬矽电子,688362,2025年第四次临时股东会会议资料,2025-10-29,临时股东会,2025年第四次临时股东会须知;2025年第四次临时股东会议议程;2025年第四次临时股东会议议案;议案一：关于控股子公司参与竞拍宁波宇昌建设发展有限公司100%的股权的议案,2025年10月29日,14,9017
146006443_2025-10-23_2025年第二次临时股东大会会议资料.pdf,观典防务技术股份有限公司,*ST观典,688287,观典防务技术股份有限公司2025年第二次临时股东大会会议资料,2025-10-01,临时股东会,2025年第二次临时股东大会会议须知;2025年第二次临时股东大会会议议程;2025年第二次临时股东大会会议议案;议案一：关于取消公司监事会并修订《公司章程》的议案;议案二：关于修订、制定公司部分治理制度的议案;议案三：关于选举独立董事的议案,2025年10月29日,11,5426
146006498_2025-10-23_浙江臻镭科技股份有限公司2025年第一次临时股东大会会议资料.pdf,浙江臻镭科技股份有限公司,臻镭科技,688270,浙江臻镭科技股份有限公司2025年第一次临时股东大会会议资料,2025-10-23,临时股东会,浙江臻镭科技股份有限公司2025年第一次临时股东大会会议须知;浙江臻镭科技股份有限公司2025年第一次临时股东大会会议议程;浙江臻镭科技股份有限公司2025年第一次临时股东大会议案;议案一 关于取消监事会、修订<公司章程>并办理工商变更登记及修订、废止和制定公司部分治理制度的议案,2025年11月12日,8,3445
146006541_2025-10-23_亚邦股份2025年第一次临时股东会会议资料.pdf,江苏亚邦染料股份有限公司,亚邦股份,未找到,2025年第一次临时股东会会议资料,2025-10-31,临时股东会,2025年第一次临时股东会会议议程;2025年第一次临时股东会会议须知;2025年第一次临时股东会会议议案;议案一：关于取消监事会暨修订《公司章程》及其附件的议案;议案二：关于修订、制定公司部分治理制度的议案;议案三：关于聘任会计师事务所的议案,2025年10月31日,11,5452
146006544_2025-10-23_皇马科技2025年第二次临时股东会会议资料.pdf,浙江皇马科技股份有限公司,皇马科技,未找到,2025年第二次临时股东会会议资料,2025-10-01,临时股东会,股东会会议须知;会议议程;会议议案;议案一：关于公司第三期员工持股计划（草案）及其摘要的议案;议案二：关于公司第三期员工持股计划管理办法的议案;议案三：关于提请股东会授权董事会全权办理公司员工持股计划相关事项的议案;授权委托书,2025年10月31日14时30分,10,4070
146006712_2025-10-23_百利科技2025年第三次临时股东大会会议资料.pdf,湖南百利工程科技股份有限公司,湖南百利工程科技,未找到,2025年第三次临时股东大会会议资料,2025-10-31,临时股东会,2025年第三次临时股东大会会议规则;2025年第三次临时股东大会基本情况及会议议程;议案一：《关于取消监事会并废止<监事会议事规则>的议案》;议案二：《关于修订<公司章程>的议案》;议案三：《关于修订部分公司治理制度文件的议案》;议案四：《关于续聘2025年度审计机构的议案》,2025年10月31日,12,5442
146006761_2025-10-23_莱绅通灵2025年第一次临时股东会资料.pdf,莱绅通灵珠宝股份有限公司,莱绅通灵珠宝,603900,2025年第一次临时股东会会议资料,2025-11-11,临时股东会,2025年第一次临时股东会会议安排;议案一：2025年前三季度利润分配方案,2025-11-11,3,963
146007036_2025-10-23_2025年第二次临时股东会会议材料.pdf,江苏联合水务科技股份有限公司,联合水务,未找到,2025年第二次临时股东会会议材料,2025-10-31,临时股东会,1、公司2025年第二次临时股东会会议须知；2、公司2025年第二次临时股东会会议议程；3、公司2025年第二次临时股东会会议议案；议案一 关于取消监事会并修订《公司章程》的议案；议案二 关于制定、修订部分公司治理制度的议案；议案2.01 关于修订<股东会议事规则>的议案；议案2.02 关于修订<董事会议事规则>的议案；议案2.03 关于修订<独立董事工作制度>的议案；议案2.04 关于修订<对外担保管理制度>的议案；议案2.05 关于修订<关联交易管理制度>的议案；议案2.06 关于修订<对外投资管理制度>的议案；议案2.07 关于修订<募集资金管理制度>的议案；议案2.08 关于修订<投资者关系管理办法>的议案；议案2.09 关于修订<关于规范与关联方资金往来管理制度>的议案,2025年10月31日13:30时,10,4440
146007377_2025-10-23_晶合集成2025年第二次临时股东会会议资料.pdf,合肥晶合集成电路股份有限公司,晶合集成,688249,2025年第二次临时股东会会议资料,2025-11-03,临时股东会,2025年第二次临时股东会会议须知;2025年第二次临时股东会会议议程;2025年第二次临时股东会会议议案;议案一 关于控股子公司增资扩股及公司放弃优先认购权暨关联交易的议案,2025年11月3日,9,4629
146007674_2025-10-23_湖北均瑶大健康饮品股份有限公司二〇二五年第三次临时股东会会议资料.pdf,湖北均瑶大健康饮品股份有限公司,均瑶健康,未找到,湖北均瑶大健康饮品股份有限公司二〇二五年第三次临时股东会会议资料,未找到,临时股东会,会议须知;会议议程;议案一：关于取消监事会并修订《公司章程》的议案;议案二：关于新增及修订公司部分治理制度的议案;议案三：关于聘任公司2025年度审计机构的议案,2025年10月29日,11,3929
146007966_2025-10-23_浙江臻镭科技股份有限公司2025年第一次临时股东大会会议资料.pdf,浙江臻镭科技股份有限公司,臻镭科技,688270,浙江臻镭科技股份有限公司2025年第一次临时股东大会会议资料,2025-10-23,临时股东会,浙江臻镭科技股份有限公司2025年第一次临时股东大会会议须知;浙江臻镭科技股份有限公司2025年第一次临时股东大会会议议程;浙江臻镭科技股份有限公司2025年第一次临时股东大会会议议案;议案一 关于取消监事会、修订<公司章程>并办理工商变更登记及修订、废止和制定公司部分治理制度的议案,2025年11月12日14点30分,8,3461
146007974_2025-10-23_皇马科技2025年第二次临时股东会会议资料.pdf,浙江皇马科技股份有限公司,皇马科技,未找到,2025年第二次临时股东会会议资料,2025-10-01,临时股东会,股东会会议须知;会议议程;会议议案;议案一：关于公司第三期员工持股计划（草案）及其摘要的议案;议案二：关于公司第三期员工持股计划管理办法的议案;议案三：关于提请股东会授权董事会全权办理公司员工持股计划相关事项的议案;授权委托书,2025年10月31日,10,4083
146007994_2025-10-24_建发合诚2025年第二次临时股东会会议资料.pdf,建发合诚工程咨询股份有限公司,建发合诚,SH.603909,二〇二五年第二次临时股东会会议资料,2025-11-10,临时股东会,二〇二五年第二次临时股东会现场会议须知;二〇二五年第二次临时股东会会议议程;二〇二五年第二次临时股东会表决办法;二〇二五年第二次临时股东会议案;非累积投票议案;关于续聘会计师事务所的议案,2025年11月10日,9,3990
146008000_2025-10-24_开创国际2025年第二次临时股东会资料.pdf,上海开创国际海洋资源股份有限公司,上海开创国际海洋资源,未找到,2025年第二次临时股东会会议资料,2025-11-03,临时股东会,会议议程;议案一：关于增补第十届董事会独立董事的议案,2025年11月3日,4,1113
146008002_2025-10-24_东尼电子2025年第二次临时股东大会会议材料.pdf,浙江东尼电子股份有限公司,东尼电子,603595,2025年第二次临时股东大会会议材料,2025-11-03,临时股东会,2025年第二次临时股东大会须知;2025年第二次临时股东大会议程;议案一：关于2025年第三季度计提资产减值准备的议案,2025年11月3日下午14:00,8,2983
146008023_2025-10-24_通化东宝2025年第三次临时股东会会议资料.pdf,通化东宝药业股份有限公司,通化东宝,600867,2025年第三次临时股东会会议资料,2025-11-03,临时股东会,2025年第三次临时股东会会议议程;议案1：关于取消监事会并修订《公司章程》的议案;议案2：关于修订和新增公司部分治理制度的议案;议案3：关于变更会计师事务所的议案,2025年11月3日,10,4328
